"","(Intercept)","student_id"
"1",0.15341679773916,"1"
"2",-0.0475834454428142,"2"
"3",0.307927909338088,"3"
"4",0.247388099527062,"4"
"5",0.0381366327289543,"5"
"6",0.099078774706833,"6"
"7",0.485275833994989,"7"
"8",0.20653304163182,"8"
"9",0.423559724039157,"9"
"10",0.305721067574967,"10"
"11",-0.0344668321833883,"11"
"12",-0.257087910150107,"12"
"13",0.158907837685845,"13"
"14",0.153950776333378,"14"
"15",0.335761142729758,"15"
"16",0.123806643201349,"16"
"17",-0.0255761117180548,"17"
"18",-0.0417262092905152,"18"
"19",-0.0110783807432832,"19"
"20",0.336367014138684,"20"
"21",-0.1702931881962,"21"
"22",0.682808932246137,"22"
"23",0.459938718832058,"23"
"24",-0.195562007151243,"24"
"25",-0.122723701326826,"25"
"26",0.278973193298098,"26"
"27",-0.000324165670953522,"27"
"28",0.404454024234698,"28"
"29",0.478553408742643,"29"
"30",0.252053079456042,"30"
"31",0.0403033592758926,"31"
"32",-0.175694782052108,"32"
"33",-0.229779769532221,"33"
"34",-0.0793927669078706,"34"
"35",-0.487600927396389,"35"
"36",0.313764033546127,"36"
"37",0.331889390241624,"37"
"38",0.30555085142429,"38"
"39",0.249337125506962,"39"
"40",0.0115613858972709,"40"
"41",0.170367052836655,"41"
"42",-0.451438826421098,"42"
"43",-0.129641473824897,"43"
"44",-0.0158834410310905,"44"
"45",-0.106716361303361,"45"
"46",-0.0324165565686314,"46"
"47",0.499711974009182,"47"
"48",0.2304106090043,"48"
"49",0.290528615460974,"49"
"50",-0.131348764467899,"50"
"51",0.156353205635538,"51"
"52",0.210589951403712,"52"
"53",0.413504368414465,"53"
"54",-0.211273090471231,"54"
"55",0.294909529459663,"55"
"56",-0.425255251660774,"56"
"57",-0.44393073333261,"57"
"58",0.0957806690959312,"58"
"59",-0.250821956206494,"59"
"60",0.0437008336052471,"60"
"61",0.298828896963433,"61"
"62",0.360349606707613,"62"
"63",0.0800585543375284,"63"
"64",0.229034444722711,"64"
"65",0.338455036745856,"65"
"66",0.077234554733867,"66"
"67",-0.231959817437018,"67"
"68",-0.247652260182895,"68"
"69",0.217007430019994,"69"
"70",-0.285388078545353,"70"
"71",-0.00291850359682888,"71"
"72",0.0819924879982155,"72"
"73",-0.395209972914286,"73"
"74",0.126530854200291,"74"
"75",0.250526169890838,"75"
"76",0.0884660782958555,"76"
"77",-0.268877426454485,"77"
"78",-0.065459093016538,"78"
"79",0.379077458309492,"79"
"80",-0.0821702629835941,"80"
"81",0.158863073942383,"81"
"82",0.275051669413368,"82"
"83",-0.00138116438444728,"83"
"84",0.0133403334033294,"84"
"85",-0.143690187412975,"85"
"86",-0.147043960029274,"86"
"87",-0.143634730178226,"87"
"88",-0.144324135074376,"88"
"89",-0.211766344222458,"89"
"90",-0.0303286541254565,"90"
"91",0.18350642264905,"91"
"92",0.411057466602295,"92"
"93",0.187237521711024,"93"
"94",-0.253876175748359,"94"
"95",0.559109403510059,"95"
"96",0.0855584104500399,"96"
"97",-0.124255313327636,"97"
"98",-0.262148851553411,"98"
"99",-0.169267323999203,"99"
"100",0.642426396777556,"100"
"101",0.101217627903769,"101"
"102",-0.332292080582546,"102"
"103",-0.00294188606235489,"103"
"104",-0.380791630964076,"104"
"105",-0.2001190294095,"105"
"106",0.226735671217139,"106"
"107",-0.232984117199972,"107"
"108",-0.467679283685295,"108"
"109",-0.021386686342136,"109"
"110",0.104135236011414,"110"
"111",-0.00344578432053035,"111"
"112",0.322589918129967,"112"
"113",-0.225992491064867,"113"
"114",-0.124389193350355,"114"
"115",0.133625671524142,"115"
"116",-0.371191589288713,"116"
"117",-0.283884578628015,"117"
"118",0.247463688444948,"118"
"119",-0.435042050784929,"119"
"120",-0.0324859845554167,"120"
"121",0.421941585821382,"121"
"122",0.210231385601687,"122"
"123",-0.47110793792882,"123"
"124",-0.0789919302987857,"124"
"125",0.0697892541030168,"125"
"126",0.103710141217065,"126"
"127",-0.303472524875632,"127"
"128",-0.252117100423293,"128"
"129",0.0503711566826274,"129"
"130",0.137005688950138,"130"
"131",0.0892763285793906,"131"
"132",-0.332509098955741,"132"
"133",-0.0683163853795787,"133"
"134",-0.195837164518618,"134"
"135",-0.563239064080801,"135"
"136",-0.0976989190682433,"136"
"137",-0.495844112304487,"137"
"138",-0.249128561389374,"138"
"139",0.124757268785489,"139"
"140",0.163078235038897,"140"
"141",-0.364498005762164,"141"
"142",0.57032345736182,"142"
"143",0.278603308993917,"143"
"144",0.160744247537169,"144"
"145",0.0404513441653239,"145"
"146",0.39096989937315,"146"
"147",-0.334368209111308,"147"
"148",-0.0462796957016695,"148"
"149",-0.166223156854523,"149"
"150",0.225912850149694,"150"
"151",-0.200084164186886,"151"
"152",0.0229225098332264,"152"
"153",0.0231444149898182,"153"
"154",-0.0558082898173604,"154"
"155",0.154164177596719,"155"
"156",0.0813868837894705,"156"
"157",0.253672030618824,"157"
"158",-0.168014943844852,"158"
"159",0.249488052839676,"159"
"160",0.2405562199705,"160"
"161",0.0943649800339555,"161"
"162",0.562950016088169,"162"
"163",0.225973404024885,"163"
"164",0.0609807041472655,"164"
"165",-0.016723145177812,"165"
"166",-0.34278223866963,"166"
"167",0.0402500831401627,"167"
"168",0.0809159041011827,"168"
"169",0.225555903485092,"169"
"170",-0.0156290923219344,"170"
"171",-0.04153145482191,"171"
"172",-0.398218042907566,"172"
"173",-0.397933780774082,"173"
"174",0.0456878355151518,"174"
"175",-0.184274241671289,"175"
"176",-0.00181337522814274,"176"
"177",0.114852737574962,"177"
"178",-0.25822914620922,"178"
"179",0.236850244608038,"179"
"180",-0.45822965089355,"180"
"181",0.29372479783693,"181"
"182",-0.147121967537984,"182"
"183",0.527224852837901,"183"
"184",0.211214698747823,"184"
"185",-0.0674233711874663,"185"
"186",0.312438072842073,"186"
"187",-0.0307168058672599,"187"
"188",0.0137458326324627,"188"
"189",0.0579129202443281,"189"
"190",-0.236741693784322,"190"
"191",0.107209208416173,"191"
"192",0.63269132575607,"192"
"193",0.375208598503881,"193"
"194",-0.128493835131001,"194"
"195",0.257798938893,"195"
"196",0.0847065573387114,"196"
"197",0.00661767727398365,"197"
"198",-0.285595057346067,"198"
"199",-0.0985363332453885,"199"
"200",-0.0690886777860319,"200"
"201",-0.316115016730065,"201"
"202",-0.301881140302563,"202"
"203",0.00272427852744005,"203"
"204",-0.105517221924036,"204"
"205",0.148454715231705,"205"
"206",0.372572966642821,"206"
"207",-0.151339349680022,"207"
"208",0.0883291904107499,"208"
"209",-0.294091592052089,"209"
"210",0.0497274245313588,"210"
"211",-0.111546188256166,"211"
"212",0.000209191105151803,"212"
"213",0.19366696491224,"213"
"214",-0.103599371406572,"214"
"215",0.0183118808274116,"215"
"216",0.175112157101102,"216"
"217",-0.0934704447634827,"217"
"218",-0.319566943898718,"218"
"219",0.0239206073979301,"219"
"220",-0.129311495487334,"220"
"221",0.0228330881780939,"221"
"222",0.268996320271492,"222"
"223",0.12117419762314,"223"
"224",0.456375276040507,"224"
"225",0.36330487276835,"225"
"226",0.148611079257884,"226"
"227",0.0565993838771244,"227"
"228",-0.277504156061993,"228"
"229",0.0583204591626788,"229"
"230",-0.126294127687831,"230"
"231",0.149242008150168,"231"
"232",0.387679142637393,"232"
"233",-0.0988587194601655,"233"
"234",0.164689347347981,"234"
"235",-0.178546801869976,"235"
"236",-0.165944880106743,"236"
"237",0.268511963522916,"237"
"238",-0.185779347958482,"238"
"239",0.0167593105194162,"239"
"240",0.23290976009893,"240"
"241",-0.29315303248696,"241"
"242",-0.125589032450996,"242"
"243",-0.397800573371344,"243"
"244",-0.300292211539287,"244"
"245",0.218759803060771,"245"
"246",-0.413470311727787,"246"
"247",-0.526258570160843,"247"
"248",0.339185559380676,"248"
"249",0.041480034297938,"249"
"250",0.206167589253811,"250"
"251",-0.144709692640308,"251"
"252",0.422120122435382,"252"
"253",-0.335313822814505,"253"
"254",-0.394035211726329,"254"
"255",0.495383124233569,"255"
"256",-0.0970511637434976,"256"
"257",0.0318390851952604,"257"
"258",-0.146718006610373,"258"
"259",-0.171729466830312,"259"
"260",0.173170383858646,"260"
"261",0.114780873475924,"261"
"262",0.0681039798760628,"262"
"263",0.100214901045985,"263"
"264",0.110998755572827,"264"
"265",-0.3528223979052,"265"
"266",0.484806513987163,"266"
"267",-0.26079593699895,"267"
"268",0.424601827111596,"268"
"269",-0.160403034045661,"269"
"270",0.298460006336361,"270"
"271",0.267791791515848,"271"
"272",-0.163443066988057,"272"
"273",-0.0930860102896376,"273"
"274",0.0340255360804534,"274"
"275",0.643411106492629,"275"
"276",0.274004762626244,"276"
"277",0.158501539913091,"277"
"278",-0.083961678170291,"278"
"279",-0.360354683784856,"279"
"280",0.027235005530112,"280"
"281",0.0760984578867102,"281"
"282",0.151627303343428,"282"
"283",-0.55605420998509,"283"
"284",0.502282700321217,"284"
"285",0.214425161099494,"285"
"286",-0.2377247681585,"286"
"287",0.199950151709598,"287"
"288",-0.186037133291353,"288"
"289",0.0879348763068114,"289"
"290",-0.0644372668636804,"290"
"291",0.154389629117085,"291"
"292",0.743336994721448,"292"
"293",0.0136015578817404,"293"
"294",-0.0648029124930563,"294"
"295",0.40901065409664,"295"
"296",0.444509949565323,"296"
"297",-0.283627778384843,"297"
"298",0.266900207922137,"298"
"299",0.114517917947365,"299"
"300",-0.113007105128632,"300"
"301",0.0113055522003235,"301"
"302",-0.0059260376516686,"302"
"303",0.44150495413578,"303"
"304",0.208772777985722,"304"
"305",0.0277784104169285,"305"
"306",-0.177016101879381,"306"
"307",0.035940778729077,"307"
"308",0.06948236929103,"308"
"309",-0.0349445736294901,"309"
"310",-0.153406333870644,"310"
"311",0.0213665843582493,"311"
"312",0.0234739592100768,"312"
"313",0.0498262715796722,"313"
"314",-0.135485207839622,"314"
"315",-0.833108058174759,"315"
"316",0.363874359822896,"316"
"317",-0.275469068663737,"317"
"318",0.482421084440545,"318"
"319",0.34178824536883,"319"
"320",0.12941211202128,"320"
"321",0.352713828054033,"321"
"322",-0.193987849260069,"322"
"323",-0.764584778641383,"323"
"324",0.311494078962833,"324"
"325",-0.159236102121871,"325"
"326",-0.396931720597589,"326"
"327",0.109362423358886,"327"
"328",-0.356280621960941,"328"
"329",0.242955578695665,"329"
"330",-0.0981168497897026,"330"
"331",0.0258595730261107,"331"
"332",-0.277577683292282,"332"
"333",0.254590821873533,"333"
"334",-0.0150714817364268,"334"
"335",-0.297191538140917,"335"
"336",-0.205135758209428,"336"
"337",0.338695589269403,"337"
"338",-0.120248000025128,"338"
"339",0.203604437933747,"339"
"340",0.130608998360676,"340"
"341",-0.222220511489593,"341"
"342",0.403528239033977,"342"
"343",-0.682836485162418,"343"
"344",0.366469794662931,"344"
"345",0.387046375314539,"345"
"346",0.231433969406566,"346"
"347",-0.628195756792672,"347"
"348",-0.20723890527926,"348"
"349",0.0725012495989831,"349"
"350",-0.270176576589743,"350"
"351",0.272009964386719,"351"
"352",0.231324455051716,"352"
"353",0.078621536728496,"353"
"354",0.220260414510227,"354"
"355",0.396738772515857,"355"
"356",0.229122497474429,"356"
"357",-0.194192837324707,"357"
"358",-0.482364762453277,"358"
"359",0.31751523869139,"359"
"360",-0.331359650927196,"360"
"361",0.0492451411244027,"361"
"362",-0.0980075882668476,"362"
"363",-0.0124993024899856,"363"
"364",0.318002675417113,"364"
"365",-0.107916235105198,"365"
"366",-0.0620276808106901,"366"
"367",-0.101117712933099,"367"
"368",-0.268860330554484,"368"
"369",0.0879252388545835,"369"
"370",-0.578616287753117,"370"
"371",-0.499469699554014,"371"
"372",-0.390225730607388,"372"
"373",-0.0851611138460872,"373"
"374",-0.417832619444298,"374"
"375",0.120207617811428,"375"
"376",0.102628319530602,"376"
"377",0.331364015175824,"377"
"378",0.477535222890971,"378"
"379",0.0694907121891662,"379"
"380",-0.249181494323257,"380"
"381",-0.0860213948618885,"381"
"382",0.0194993984453115,"382"
"383",-0.180959529309091,"383"
"384",-0.121819170840851,"384"
"385",0.234990105524769,"385"
"386",0.410790401882383,"386"
"387",0.0246595592204683,"387"
"388",0.627933737229708,"388"
"389",0.103305362521672,"389"
"390",0.260964660753674,"390"
"391",-0.146143149368501,"391"
"392",0.0821450806794086,"392"
"393",0.243595761799299,"393"
"394",-0.143492330192477,"394"
"395",0.107222782278344,"395"
"396",-0.107538086059328,"396"
"397",0.147508184813342,"397"
"398",-0.130279950531731,"398"
"399",-0.106842526079303,"399"
"400",0.148365501803242,"400"
"401",-0.0704814534927111,"401"
"402",0.280712402532597,"402"
"403",0.0772910086723877,"403"
"404",0.231714592885185,"404"
"405",0.145424416132654,"405"
"406",0.0447682220130367,"406"
"407",0.0555639113001545,"407"
"408",0.0355950491830723,"408"
"409",-0.349429285374194,"409"
"410",0.237632872994435,"410"
"411",0.174319218657484,"411"
"412",0.0588994690479295,"412"
"413",-0.0846360205364698,"413"
"414",-0.432064565923057,"414"
"415",-0.250467629024437,"415"
"416",-0.111311012072135,"416"
"417",0.157575342749332,"417"
"418",0.246326599231771,"418"
"419",0.0965743749129927,"419"
"420",0.007618304771086,"420"
"421",0.216242271184866,"421"
"422",0.174902285463682,"422"
"423",-0.237649159774118,"423"
"424",0.517270005914334,"424"
"425",0.114517917947365,"425"
"426",0.0267746048730471,"426"
"427",0.00688819869723389,"427"
"428",-0.12405363014971,"428"
"429",-0.0270985820991683,"429"
"430",-0.121003305095897,"430"
"431",0.0186242416549692,"431"
"432",-0.13697283786103,"432"
"433",-0.0366390450891419,"433"
"434",0.250380738740005,"434"
"435",-0.02760891227724,"435"
"436",-0.243198469141511,"436"
"437",-0.0887396573440929,"437"
"438",0.603902295000678,"438"
"439",-0.28485079277076,"439"
"440",-0.118127742638466,"440"
"441",-0.00393491536423839,"441"
"442",0.10770432485118,"442"
"443",-0.256753744832808,"443"
"444",-0.0374395547019929,"444"
"445",-0.0451885428159588,"445"
"446",-0.149386325201584,"446"
"447",0.0135988457261812,"447"
"448",0.128507336334968,"448"
"449",-0.0718016579791725,"449"
"450",-0.465205278098973,"450"
"451",-0.407146073650926,"451"
"452",-0.176002929390519,"452"
"453",-0.399191427868293,"453"
"454",-0.00264379902196257,"454"
"455",0.18762816345615,"455"
"456",-0.0819170062858004,"456"
"457",0.0984045778075455,"457"
"458",0.0106139987741469,"458"
"459",0.0535080573575253,"459"
"460",0.066187042197035,"460"
"461",-0.233538944760912,"461"
"462",-0.952364369211139,"462"
"463",0.308446674827191,"463"
"464",0.130333460058676,"464"
"465",0.0817924200089891,"465"
"466",-0.0524606125571128,"466"
"467",0.212883097843217,"467"
"468",-0.568140178695929,"468"
"469",0.0298869144689706,"469"
"470",0.226828947992317,"470"
"471",0.320794263718823,"471"
"472",0.1650233542007,"472"
"473",0.194261340286804,"473"
"474",-0.426517850739062,"474"
"475",0.105569817341438,"475"
"476",0.34583003224065,"476"
"477",-0.318159385538177,"477"
"478",0.294843496291886,"478"
"479",-0.044968926731513,"479"
"480",0.105960407043399,"480"
"481",-0.200768344778774,"481"
"482",-0.0639910216495193,"482"
"483",0.0684778596760881,"483"
"484",-0.344269036493736,"484"
"485",0.0453977524193993,"485"
"486",0.319858650456197,"486"
"487",-0.0981146888726098,"487"
"488",0.232331605419294,"488"
"489",-0.135137375737141,"489"
"490",0.281830013764611,"490"
"491",0.173653552693458,"491"
"492",-0.421542990833872,"492"
"493",-0.157227464512266,"493"
"494",0.053361083858427,"494"
"495",-0.237571599601796,"495"
"496",-0.283066088462,"496"
"497",-0.265268079523017,"497"
"498",0.211051763479904,"498"
"499",0.338557403119982,"499"
"500",0.320205658200057,"500"
"501",0.279833097954043,"501"
"502",0.127442283239903,"502"
"503",0.0479976096875421,"503"
"504",-0.21461431871986,"504"
"505",-0.435504518762687,"505"
"506",0.148728793834598,"506"
"507",0.0793073532665444,"507"
"508",0.350109090669624,"508"
"509",0.139509689706701,"509"
"510",0.233095768425473,"510"
"511",-0.171963116097919,"511"
"512",0.0422641097444611,"512"
"513",-0.044968926731513,"513"
"514",-0.241575722764571,"514"
"515",-0.225171248902175,"515"
"516",0.0104907868964535,"516"
"517",0.189178756175441,"517"
"518",0.0915566685837993,"518"
"519",-0.336629344976994,"519"
"520",-0.0748474386050765,"520"
"521",0.21872711184608,"521"
"522",0.17327422713021,"522"
"523",-0.514975091122941,"523"
"524",-0.12348242985057,"524"
"525",-0.257392672306707,"525"
"526",0.0564860992605262,"526"
"527",-0.137878141894587,"527"
"528",0.18855375691091,"528"
"529",-0.577636042883928,"529"
"530",-0.311843542813986,"530"
"531",0.0825125976300767,"531"
"532",-0.0694394936969508,"532"
"533",0.0747368550907368,"533"
"534",0.153900806847566,"534"
"535",0.0225491208097184,"535"
"536",-0.293137047735009,"536"
"537",0.0108682285505807,"537"
"538",-0.0570141898648103,"538"
"539",-0.307560304592065,"539"
"540",0.424075802301002,"540"
"541",-0.389440710587055,"541"
"542",0.19811239399971,"542"
"543",0.0664669988846393,"543"
"544",0.283881006297201,"544"
"545",0.228399931523022,"545"
"546",0.234746903144772,"546"
"547",0.112919487780104,"547"
"548",0.245722190098066,"548"
"549",-0.222195762969856,"549"
"550",0.152378832286407,"550"
"551",0.215148729166239,"551"
"552",0.0185024046362676,"552"
"553",-0.258329360028472,"553"
"554",0.106095117680546,"554"
"555",0.181410038085523,"555"
"556",0.0825141158049684,"556"
"557",-0.29100028833737,"557"
"558",-0.1203519176695,"558"
"559",0.244731468634763,"559"
"560",-0.00846389192452534,"560"
"561",0.0756133541431362,"561"
"562",-0.042448217434872,"562"
"563",0.0549650706123843,"563"
"564",-0.00782639898611537,"564"
"565",0.173364583829134,"565"
"566",-0.00509721556179334,"566"
"567",-0.147964529417358,"567"
"568",-0.0641221248384328,"568"
"569",0.222616346685068,"569"
"570",-0.190755011175784,"570"
"571",-0.020163383093727,"571"
"572",0.149953840843537,"572"
"573",-0.122602078161275,"573"
"574",0.0603661064728254,"574"
"575",0.276007838138535,"575"
"576",0.0239206073979301,"576"
"577",0.0244057381447676,"577"
"578",-0.159393859166536,"578"
"579",-0.255485589530815,"579"
"580",0.0164901923410995,"580"
"581",0.0760212061000918,"581"
"582",-0.944108215112078,"582"
"583",0.242955578695665,"583"
"584",0.530720139484392,"584"
"585",0.164962988675098,"585"
"586",0.558633289701702,"586"
"587",-0.199705832038108,"587"
"588",-0.119074782007004,"588"
"589",0.0590867390987526,"589"
"590",0.0661490393549701,"590"
"591",-0.34236721565986,"591"
"592",-0.0448825205838999,"592"
"593",-0.391131750223474,"593"
"594",0.109002237882544,"594"
"595",0.066187042197035,"595"
"596",-0.257701846407155,"596"
"597",-0.0459609122012041,"597"
"598",-0.103673804418248,"598"
"599",0.655790187708172,"599"
"600",0.0414711063404873,"600"
"601",0.210600488802537,"601"
"602",-0.236610977038821,"602"
"603",0.387788605386788,"603"
"604",-0.303146712468579,"604"
"605",-0.237146328361527,"605"
"606",0.308197308898428,"606"
"607",0.20550666762332,"607"
"608",-0.617920509124993,"608"
"609",-0.528840464781043,"609"
"610",-0.115750804363446,"610"
"611",-0.254868312935648,"611"
"612",-0.0342065938038911,"612"
"613",-0.321219361154004,"613"
"614",0.100931771874713,"614"
"615",-0.0100245401648061,"615"
"616",0.188550273322988,"616"
"617",-0.105874080481216,"617"
"618",0.176587637700099,"618"
"619",-0.00307203663223824,"619"
"620",0.13938697957175,"620"
"621",0.564516837915835,"621"
"622",0.0783896956913984,"622"
"623",0.275270815738657,"623"
"624",0.0536906647194674,"624"
"625",-0.222847697956808,"625"
"626",0.376949766904818,"626"
"627",-0.0336931813507813,"627"
"628",-0.262523926616198,"628"
"629",0.00807294820125438,"629"
"630",0.167454139537583,"630"
"631",0.109466920025266,"631"
"632",-0.587737831053332,"632"
"633",-0.368587753915066,"633"
"634",0.0543462024908254,"634"
"635",-0.0625961661968429,"635"
"636",0.42024277728906,"636"
"637",0.167747223234841,"637"
"638",-0.0305218891079687,"638"
"639",0.223239743537227,"639"
"640",0.0670396920562567,"640"
"641",-0.214243280775606,"641"
"642",-0.0106632842000884,"642"
"643",-0.211522791672532,"643"
"644",-0.549288526644842,"644"
"645",-0.109550321442435,"645"
"646",-0.0566971735289278,"646"
"647",0.461077388608396,"647"
"648",0.200190570723875,"648"
"649",0.0268979997320772,"649"
"650",0.17094739765917,"650"
"651",0.150598996956269,"651"
"652",4.46795238465299e-05,"652"
"653",-0.26968541984898,"653"
"654",0.0134087013400148,"654"
"655",-0.327335286466797,"655"
"656",-0.134603190197769,"656"
"657",0.0384521744207572,"657"
"658",-0.250359335949082,"658"
"659",-0.159569469827107,"659"
"660",0.0870641224334885,"660"
"661",-0.213970929524538,"661"
"662",-0.0879998276403403,"662"
"663",-0.000967781223979683,"663"
"664",-0.178495234129772,"664"
"665",0.18893102437213,"665"
"666",-0.359763377396858,"666"
"667",0.19436222149379,"667"
"668",0.46153942607194,"668"
"669",0.259028667995459,"669"
"670",-0.242479718594131,"670"
"671",-0.13658537298966,"671"
"672",0.0463007018884044,"672"
"673",-0.281288220929,"673"
"674",0.132941713021296,"674"
"675",-0.240067095256332,"675"
"676",-0.288421143653269,"676"
"677",0.498997073484837,"677"
"678",-0.153632270590302,"678"
"679",0.115411151188249,"679"
"680",0.275708570389107,"680"
"681",0.0191017750349212,"681"
"682",0.445843600690907,"682"
"683",-0.10925002207036,"683"
"684",-0.433110611391993,"684"
"685",0.290988149377705,"685"
"686",0.0274238248842212,"686"
"687",-0.0467750170523479,"687"
"688",0.134689998298831,"688"
"689",-0.282720857512652,"689"
"690",0.189105845698325,"690"
"691",0.22473843698637,"691"
"692",0.447380904154638,"692"
"693",-0.283016305166867,"693"
"694",-0.249027252546597,"694"
"695",-0.290794037384661,"695"
"696",-0.0863537416132509,"696"
"697",-0.0278197315882595,"697"
"698",-0.00781546654695435,"698"
"699",0.11312049137475,"699"
"700",0.784300769039396,"700"
"701",0.332972064871092,"701"
"702",0.295024357392944,"702"
"703",-0.00501739193968674,"703"
"704",0.0358335020343267,"704"
"705",0.110115201050751,"705"
"706",0.131007991403582,"706"
"707",0.389818309513524,"707"
"708",-0.21695639461697,"708"
"709",-0.486383630484171,"709"
"710",-0.0899961324897121,"710"
"711",-0.0528683819170865,"711"
"712",0.464692918620782,"712"
"713",0.169253005364246,"713"
"714",0.0330419292077655,"714"
"715",-0.0697813621024505,"715"
"716",-0.193076484771518,"716"
"717",-0.174825556423963,"717"
"718",-0.171567915191414,"718"
"719",0.0553645173665658,"719"
"720",0.405769444910784,"720"
"721",0.01676364081287,"721"
"722",0.0128231101212336,"722"
"723",0.0138161429361056,"723"
"724",-0.0382728808623801,"724"
"725",0.387204458070077,"725"
"726",0.275516438211223,"726"
"727",0.218014711875344,"727"
"728",-0.233404949535919,"728"
"729",0.475735153856934,"729"
"730",-0.229282761133076,"730"
"731",-0.136817294145993,"731"
"732",-0.0374615246183572,"732"
"733",-0.269566076124259,"733"
"734",0.00290666855963054,"734"
"735",-0.315579574346505,"735"
"736",-0.320133007383481,"736"
"737",0.0367875398940746,"737"
"738",-0.0145830966067598,"738"
"739",0.0694907121891662,"739"
"740",-0.0907284232089499,"740"
"741",-0.0209322418620495,"741"
"742",-0.33763697084529,"742"
"743",-0.113324872276169,"743"
"744",-0.106268200810031,"744"
"745",0.039160099441399,"745"
"746",-0.160603673149167,"746"
"747",-0.305667498655532,"747"
"748",-0.417280485535133,"748"
"749",-0.0762549284923594,"749"
"750",0.0185083108379866,"750"
"751",0.367271727281718,"751"
"752",-0.0355080403229993,"752"
"753",-0.0131158881676709,"753"
"754",-0.378180776013737,"754"
"755",0.251841908073458,"755"
"756",0.151960833559299,"756"
"757",0.363847396556694,"757"
"758",-0.128501927622488,"758"
"759",0.374371048091195,"759"
"760",0.0604603240912673,"760"
"761",0.0543885714892111,"761"
"762",0.163269954933353,"762"
"763",0.198184535329032,"763"
"764",-0.0709151479463954,"764"
"765",0.327499269377932,"765"
"766",-0.0524606125571128,"766"
"767",-0.0848406379012326,"767"
"768",0.0421408280910579,"768"
"769",-0.0315391101419586,"769"
"770",0.00599324544638692,"770"
"771",-0.276229245611609,"771"
"772",-0.267653086993735,"772"
"773",0.391599216356115,"773"
"774",-0.126314660370307,"774"
"775",0.12212636717005,"775"
"776",-0.107661894860377,"776"
"777",0.0629966615374324,"777"
"778",0.506798554721893,"778"
"779",0.0985630373181066,"779"
"780",-0.189706339739632,"780"
"781",0.1995145034035,"781"
"782",0.15649165493148,"782"
"783",-0.164584060240672,"783"
"784",-0.389370797440652,"784"
"785",0.15262459801625,"785"
"786",0.0331921587444481,"786"
"787",-0.46940830634863,"787"
"788",-0.458022774055183,"788"
"789",0.101987807067834,"789"
"790",0.167589303026523,"790"
"791",0.171138796088631,"791"
"792",-0.17317654982192,"792"
"793",-0.0641221248384328,"793"
"794",0.385740226370501,"794"
"795",-0.202451826678479,"795"
"796",0.238947077353726,"796"
"797",-0.137127195576519,"797"
"798",0.180767621479453,"798"
"799",0.195670510968494,"799"
"800",-0.238246354124718,"800"
"801",-0.187147779976222,"801"
"802",-0.441703559564234,"802"
"803",0.0926550214889389,"803"
"804",-0.00939979533414743,"804"
"805",-0.162777483876998,"805"
"806",0.201398760345856,"806"
"807",0.0500290435878242,"807"
"808",0.0388612082507084,"808"
"809",-0.414364118744204,"809"
"810",0.230036161220219,"810"
"811",0.354334550399464,"811"
"812",0.190769491126735,"812"
"813",0.0148522405361153,"813"
"814",0.111606270501156,"814"
"815",0.148357775748114,"815"
"816",0.0219059892549719,"816"
"817",0.258437907211256,"817"
"818",-0.0676312437833757,"818"
"819",0.357354476968633,"819"
"820",-0.0336931813507813,"820"
"821",0.245630976062561,"821"
"822",-0.366019990950976,"822"
"823",-0.17771619356173,"823"
"824",-0.0259147385450924,"824"
"825",0.0451952017520995,"825"
"826",0.166950435947412,"826"
"827",0.0892264010628945,"827"
"828",-0.313637359646829,"828"
"829",0.117165254518523,"829"
"830",-0.0151778637789207,"830"
"831",0.0217093058813301,"831"
"832",0.165806684542651,"832"
"833",0.629342481323072,"833"
"834",-0.139072069437721,"834"
"835",0.164706834088942,"835"
"836",-0.280405979757037,"836"
"837",-0.0182750732221107,"837"
"838",-0.0792309260208668,"838"
"839",-0.0148731522298522,"839"
"840",0.0806952493505494,"840"
"841",-0.163369488746692,"841"
"842",0.174644221287364,"842"
"843",-0.188704573768133,"843"
"844",-0.313255519531621,"844"
"845",0.0409857305143404,"845"
"846",0.152654412448851,"846"
"847",0.341107250027156,"847"
"848",0.232296974103302,"848"
"849",0.220884139506615,"849"
"850",0.106118561933681,"850"
"851",-0.306247402391656,"851"
"852",-0.0829183027149749,"852"
"853",0.0956303606534954,"853"
"854",0.394985949558234,"854"
"855",-0.236039791501341,"855"
"856",0.161088626108588,"856"
"857",0.0277441426096068,"857"
"858",-0.355531012646148,"858"
"859",0.084405692663444,"859"
"860",-0.236039791501341,"860"
"861",-0.0641221248384328,"861"
"862",-0.225827002367046,"862"
"863",0.0138628652175621,"863"
"864",0.0998889846890595,"864"
"865",-0.497509916916908,"865"
"866",-0.170323385858896,"866"
"867",0.12740748065698,"867"
"868",-0.00801220148667912,"868"
"869",0.125191629926661,"869"
"870",0.167747223234841,"870"
"871",-0.138589219457113,"871"
"872",-0.187815201357578,"872"
"873",0.428960406218824,"873"
"874",-0.044968926731513,"874"
"875",0.17813480634304,"875"
"876",0.0803016288603988,"876"
"877",0.239719599909483,"877"
"878",0.0295052702035335,"878"
"879",0.0778871340311814,"879"
"880",0.0390357059318252,"880"
"881",0.187415024497667,"881"
"882",-0.0574456972831846,"882"
"883",-0.333759610430702,"883"
"884",0.41057602634123,"884"
"885",0.35655322264596,"885"
"886",-0.449040759251497,"886"
"887",0.0830182766516726,"887"
"888",0.102353619982445,"888"
"889",-0.00522966958061327,"889"
"890",0.0516695541892659,"890"
"891",-0.274336543143136,"891"
"892",-0.232620240743493,"892"
"893",0.313876473795963,"893"
"894",-0.0668490706633066,"894"
"895",0.206028554789068,"895"
"896",0.157676155084211,"896"
"897",-0.40765236422794,"897"
"898",0.175453405624226,"898"
"899",-0.226045687817919,"899"
"900",0.0398551638736395,"900"
"901",-0.152359547872236,"901"
"902",0.0744403790502603,"902"
"903",-0.232285244990504,"903"
"904",-0.548572081479417,"904"
"905",0.0288535475862659,"905"
"906",0.00267102542967766,"906"
"907",0.231761350065452,"907"
"908",-0.0619022375369909,"908"
"909",-0.359978504302448,"909"
"910",0.164116320488037,"910"
"911",-0.258671415929362,"911"
"912",0.249461735703005,"912"
"913",-0.0194061257519483,"913"
"914",-0.0976815514248817,"914"
"915",0.0513986671093731,"915"
"916",-0.031028061228091,"916"
"917",0.000158872852560519,"917"
"918",0.276723963854876,"918"
"919",-0.396341988650966,"919"
"920",0.0623711765056584,"920"
"921",-0.379877471941054,"921"
"922",0.169492426504442,"922"
"923",0.169901089007858,"923"
"924",-0.258593751728423,"924"
"925",-0.548213822869089,"925"
"926",0.476870518246473,"926"
"927",0.0899698906887928,"927"
"928",-0.231665901984137,"928"
"929",0.168072273142127,"929"
"930",-0.729011369447988,"930"
"931",0.100162549604523,"931"
"932",0.0100218032665315,"932"
"933",-0.452673457250733,"933"
"934",0.147841734676114,"934"
"935",0.0559848388993196,"935"
"936",0.0117623670337091,"936"
"937",0.130211335412699,"937"
"938",0.0157815680483952,"938"
"939",0.450105628919273,"939"
"940",-0.0771095571355485,"940"
"941",0.0239206073979301,"941"
"942",-0.0712869567657819,"942"
"943",-0.0988034078951572,"943"
"944",-0.586183068326188,"944"
"945",0.164962988675098,"945"
"946",0.446535485093355,"946"
"947",-0.0847492807841052,"947"
"948",0.128336138522434,"948"
"949",0.222288243216272,"949"
"950",0.194269391370279,"950"
"951",-0.204552978126441,"951"
"952",-0.0825566535532344,"952"
"953",0.157643445632141,"953"
"954",-0.155822394527345,"954"
"955",-0.229792672861496,"955"
"956",0.0481896994421151,"956"
"957",0.319742258937619,"957"
"958",-0.0143038403102776,"958"
"959",0.252704200656897,"959"
"960",-0.625475168967997,"960"
"961",0.0630612431016797,"961"
"962",-0.0731703027289558,"962"
"963",0.117322955627642,"963"
"964",0.31773598762564,"964"
"965",-0.000962190601310956,"965"
"966",0.552054301453814,"966"
"967",0.329098486017051,"967"
"968",0.0548659828103464,"968"
"969",0.196586613332623,"969"
"970",0.151590164654754,"970"
"971",0.360777116170942,"971"
"972",-0.334870939495786,"972"
"973",0.0370940537519293,"973"
"974",-0.819054845460647,"974"
"975",0.208520962815089,"975"
"976",0.0906176886260645,"976"
"977",-0.300425716271386,"977"
"978",0.534058449238045,"978"
"979",-0.286739804717992,"979"
"980",0.216603402603371,"980"
"981",-0.0901989848254755,"981"
"982",-0.414120033470602,"982"
"983",-0.134692210571552,"983"
"984",-0.0178909664400787,"984"
"985",-0.126314660370307,"985"
"986",0.313876473795963,"986"
"987",-0.126244315591864,"987"
"988",0.232982560146475,"988"
"989",0.0241341871036853,"989"
"990",-0.0795235093663856,"990"
"991",0.145633628915582,"991"
"992",-0.517057957328762,"992"
"993",0.0220546618977316,"993"
"994",-0.21324605709697,"994"
"995",-0.0102762824311609,"995"
"996",-0.16688736987772,"996"
"997",-0.0450351531802137,"997"
"998",0.115401038868524,"998"
"999",0.353736650415456,"999"
"1000",-0.41147788741594,"1000"
"1001",0.162015506394525,"1001"
"1002",0.141454146823927,"1002"
"1003",-0.03434983879614,"1003"
"1004",0.215906968769016,"1004"
"1005",-0.189720177843839,"1005"
"1006",0.332356841067346,"1006"
"1007",-0.211082330498487,"1007"
"1008",0.385099148455904,"1008"
"1009",0.200959847818602,"1009"
"1010",-0.362334788978899,"1010"
"1011",-0.191965956480899,"1011"
"1012",0.171866957843744,"1012"
"1013",-0.0445069238140726,"1013"
"1014",0.0213934352560814,"1014"
"1015",0.258673489802829,"1015"
"1016",0.320970378358472,"1016"
"1017",0.0189328411147006,"1017"
"1018",0.199782998305858,"1018"
"1019",-0.0439657062992077,"1019"
"1020",-0.172598622283801,"1020"
"1021",0.257443991956781,"1021"
"1022",-0.219193200879118,"1022"
"1023",-0.261512246892297,"1023"
"1024",0.280152125820714,"1024"
"1025",-0.266469703188503,"1025"
"1026",-0.168126733234177,"1026"
"1027",-0.523429460768147,"1027"
"1028",0.0574298036581964,"1028"
"1029",0.242494880147616,"1029"
"1030",-0.0311621986012646,"1030"
"1031",-0.380701012321994,"1031"
"1032",0.0206516684518079,"1032"
"1033",0.0971762947863807,"1033"
"1034",0.168307763203659,"1034"
"1035",0.302986374433271,"1035"
"1036",-0.0126607860723569,"1036"
"1037",0.0524984651728973,"1037"
"1038",0.0957295508112277,"1038"
"1039",-0.062301165761578,"1039"
"1040",-0.190766682222432,"1040"
"1041",0.187729751628028,"1041"
"1042",-0.0464031633361697,"1042"
"1043",-0.164553970052147,"1043"
"1044",0.353748184965682,"1044"
"1045",0.353101919994238,"1045"
"1046",-0.193034419206776,"1046"
"1047",-0.100099755324527,"1047"
"1048",-0.182135744163285,"1048"
"1049",0.170661758997047,"1049"
"1050",-0.0842442150587222,"1050"
"1051",-0.00694103648423902,"1051"
"1052",-0.156132730839122,"1052"
"1053",0.0733789062088771,"1053"
"1054",0.194261340286804,"1054"
"1055",-0.399830931633781,"1055"
"1056",0.460499280578557,"1056"
"1057",-0.196683313772801,"1057"
"1058",0.109889677872139,"1058"
"1059",0.476507718659819,"1059"
"1060",-0.271781871112087,"1060"
"1061",-0.156051082549598,"1061"
"1062",-0.340849893437753,"1062"
"1063",-0.517255333498501,"1063"
"1064",-0.0305283224525433,"1064"
"1065",0.0118375780722758,"1065"
"1066",0.196618870364488,"1066"
"1067",-0.370474255662301,"1067"
"1068",-0.290118759362453,"1068"
"1069",-0.0194061257519483,"1069"
"1070",-0.000962190601310956,"1070"
"1071",-0.305725301319801,"1071"
"1072",-0.122250825778811,"1072"
"1073",-0.0143463622780323,"1073"
"1074",0.19238913378808,"1074"
"1075",0.150430747411066,"1075"
"1076",-0.478127938758709,"1076"
"1077",0.698561834089541,"1077"
"1078",0.0956303606534954,"1078"
"1079",0.222125631105961,"1079"
"1080",-0.190451758828806,"1080"
"1081",-0.0177373703647184,"1081"
"1082",-0.109156989351805,"1082"
"1083",0.0167085155552843,"1083"
"1084",0.461686952636055,"1084"
"1085",0.0727215936038808,"1085"
"1086",-0.310851648445337,"1086"
"1087",-0.303214772304463,"1087"
"1088",-0.368065794382889,"1088"
"1089",-0.295125810060604,"1089"
"1090",-0.299115411055385,"1090"
"1091",0.190548886997903,"1091"
"1092",0.129001877957386,"1092"
"1093",0.28902365835477,"1093"
"1094",0.0604603240912673,"1094"
"1095",0.198864287598618,"1095"
"1096",-0.0473220699822069,"1096"
"1097",0.283442854416588,"1097"
"1098",0.345410752391414,"1098"
"1099",0.0274369887452674,"1099"
"1100",-0.136297262606296,"1100"
"1101",-0.301763826881792,"1101"
"1102",-0.193108639530762,"1102"
"1103",0.242227047835553,"1103"
"1104",0.0837661555166821,"1104"
"1105",0.304385732509607,"1105"
"1106",0.000412621645540821,"1106"
"1107",-0.0430049692533455,"1107"
"1108",0.0371627798074098,"1108"
"1109",-0.0526161928214861,"1109"
"1110",-0.220806325661224,"1110"
"1111",0.425695763267495,"1111"
"1112",0.0354680632882912,"1112"
"1113",-0.105743825433441,"1113"
"1114",0.203396863082295,"1114"
"1115",-0.236646010574878,"1115"
"1116",0.157557374837291,"1116"
"1117",-0.0223831768785952,"1117"
"1118",0.0932386584303061,"1118"
"1119",0.12890596963323,"1119"
"1120",0.165207977850599,"1120"
"1121",0.0472509441611595,"1121"
"1122",0.0387623337699336,"1122"
"1123",-0.0696347326214004,"1123"
"1124",-0.286647187634532,"1124"
"1125",-0.0433065835269662,"1125"
"1126",0.412529561887528,"1126"
"1127",0.0236190079724988,"1127"
"1128",0.114177479191127,"1128"
"1129",-0.12246647541123,"1129"
"1130",-0.349113407851419,"1130"
"1131",0.289004754796358,"1131"
"1132",0.000624729981960508,"1132"
"1133",-0.405634678629602,"1133"
"1134",-0.3686031266332,"1134"
"1135",0.0299346464216731,"1135"
"1136",0.0407519602620987,"1136"
"1137",-0.148023809817617,"1137"
"1138",0.0275884227660014,"1138"
"1139",0.0775030130349123,"1139"
"1140",0.00475129950525474,"1140"
"1141",0.109654595582962,"1141"
"1142",-0.194803366029543,"1142"
"1143",-0.121003305095897,"1143"
"1144",0.115150637254797,"1144"
"1145",-0.289670226898615,"1145"
"1146",-0.16952124111875,"1146"
"1147",-0.418648035922305,"1147"
"1148",-0.0422095578903663,"1148"
"1149",-0.401778491187169,"1149"
"1150",-0.349074389059196,"1150"
"1151",-0.416818500946158,"1151"
"1152",0.0213815505872612,"1152"
"1153",0.0541495319934161,"1153"
"1154",-0.089156571257965,"1154"
"1155",-0.278115685693545,"1155"
"1156",0.194261340286804,"1156"
"1157",0.380554706408806,"1157"
"1158",0.0750287246442252,"1158"
"1159",-0.0312839224023312,"1159"
"1160",0.0303762715932042,"1160"
"1161",0.372352399361805,"1161"
"1162",-0.0956420998090631,"1162"
"1163",0.878554996480877,"1163"
"1164",0.0572605493162224,"1164"
"1165",-0.419708258990304,"1165"
"1166",-0.0614224236857216,"1166"
"1167",-0.252350299007346,"1167"
"1168",-0.63003730982468,"1168"
"1169",0.0329578925542225,"1169"
"1170",0.141988838643724,"1170"
"1171",0.0600742600947155,"1171"
"1172",-0.0682773760443293,"1172"
"1173",-0.10410348020429,"1173"
"1174",-0.0268563440172503,"1174"
"1175",-0.0759732447912565,"1175"
"1176",-0.454840236378836,"1176"
"1177",0.164500776483786,"1177"
"1178",0.366864122530285,"1178"
"1179",-0.537334329259987,"1179"
"1180",0.145439948828531,"1180"
"1181",-0.146849626109215,"1181"
"1182",-0.0659286723948384,"1182"
"1183",0.226945431219158,"1183"
"1184",0.0569825891611341,"1184"
"1185",0.00846196005146067,"1185"
"1186",0.0847503331794958,"1186"
"1187",0.175296989266019,"1187"
"1188",-0.200857177924164,"1188"
"1189",0.276566115526415,"1189"
"1190",0.201648110152707,"1190"
"1191",0.0857969594698423,"1191"
"1192",0.15285010576074,"1192"
"1193",0.168938768289157,"1193"
"1194",0.244731468634763,"1194"
"1195",0.0189328411147006,"1195"
"1196",-0.03434983879614,"1196"
"1197",0.266594113907292,"1197"
"1198",0.376153784713243,"1198"
"1199",0.214572896123223,"1199"
"1200",0.109279180130278,"1200"
"1201",-0.191991589594482,"1201"
"1202",0.237301858516789,"1202"
"1203",0.0435958396106261,"1203"
"1204",-0.034333550949727,"1204"
"1205",-0.290633657281106,"1205"
"1206",0.114517917947365,"1206"
"1207",0.420423697843527,"1207"
"1208",0.379775075144578,"1208"
"1209",0.518531578159472,"1209"
"1210",-0.0719008278692602,"1210"
"1211",0.529342883586683,"1211"
"1212",-0.177411543823004,"1212"
"1213",-0.0949603881317816,"1213"
"1214",0.416537559099554,"1214"
"1215",-0.265247998754748,"1215"
"1216",0.0659365669904107,"1216"
"1217",0.0930068541253699,"1217"
"1218",0.197227539997444,"1218"
"1219",-0.125477802031576,"1219"
"1220",0.377454751175642,"1220"
"1221",-0.375064937573732,"1221"
"1222",-0.024289894940011,"1222"
"1223",0.178802034000864,"1223"
"1224",-0.108531868210899,"1224"
"1225",0.072275795328487,"1225"
"1226",-0.0345532906339399,"1226"
"1227",-0.17081144056683,"1227"
"1228",0.260939572899648,"1228"
"1229",0.212836346489996,"1229"
"1230",-0.235646382808429,"1230"
"1231",0.0104106992348162,"1231"
"1232",0.165684997688989,"1232"
"1233",0.0155517739225361,"1233"
"1234",-0.213999070221184,"1234"
"1235",0.122300926728356,"1235"
"1236",-0.00509721556179334,"1236"
"1237",-0.279142809318199,"1237"
"1238",-0.199234955038865,"1238"
"1239",0.0284921458506728,"1239"
"1240",-0.106406909771971,"1240"
"1241",-0.170256973467507,"1241"
"1242",-0.16688736987772,"1242"
"1243",0.0189328411147006,"1243"
"1244",0.337200899773989,"1244"
"1245",0.00897689435373843,"1245"
"1246",-0.496754008211303,"1246"
"1247",-0.18114437553611,"1247"
"1248",0.275579774859371,"1248"
"1249",0.384839402506047,"1249"
"1250",0.0652923091464479,"1250"
"1251",-0.409133803374999,"1251"
"1252",-0.0191086239252153,"1252"
"1253",0.164962988675098,"1253"
"1254",-0.0226888594803079,"1254"
"1255",0.133082566863185,"1255"
"1256",-0.346003215774837,"1256"
"1257",0.238422636071625,"1257"
"1258",0.240031276457383,"1258"
"1259",-0.11668642251303,"1259"
"1260",-0.0370007850353359,"1260"
"1261",0.0246595592204683,"1261"
"1262",0.0674331620837649,"1262"
"1263",0.118814535450526,"1263"
"1264",-0.657289634326195,"1264"
"1265",-0.0986514734642669,"1265"
"1266",-0.207668524916512,"1266"
"1267",-0.790998267484547,"1267"
"1268",-0.192406524886692,"1268"
"1269",-0.472559835798024,"1269"
"1270",0.221081924208761,"1270"
"1271",-0.126267362981691,"1271"
"1272",-0.301586004864613,"1272"
"1273",-0.0782730448034537,"1273"
"1274",-0.28419919374983,"1274"
"1275",0.0623711765056584,"1275"
"1276",0.0657630910297656,"1276"
"1277",0.335909282406286,"1277"
"1278",0.11608501294125,"1278"
"1279",0.275579774859371,"1279"
"1280",-0.0776765719460185,"1280"
"1281",-0.363699249830891,"1281"
"1282",0.0116131925981495,"1282"
"1283",0.0487713065696704,"1283"
"1284",0.170399339117032,"1284"
"1285",0.192124993624392,"1285"
"1286",0.326443982902083,"1286"
"1287",-0.214917778890474,"1287"
"1288",-0.212070844107471,"1288"
"1289",0.10446472462232,"1289"
"1290",0.132706818603808,"1290"
"1291",-0.0927501773750556,"1291"
"1292",-0.434582564016748,"1292"
"1293",0.194261340286804,"1293"
"1294",0.480593164475928,"1294"
"1295",-0.156555759436294,"1295"
"1296",0.47504299037922,"1296"
"1297",-0.0836071482230464,"1297"
"1298",0.101987807067834,"1298"
"1299",0.244722203224082,"1299"
"1300",0.311323964973989,"1300"
"1301",-0.0555834231767923,"1301"
"1302",0.269554022289255,"1302"
"1303",-0.164330038245775,"1303"
"1304",-0.054547462346843,"1304"
"1305",0.113024855129974,"1305"
"1306",0.425205843477849,"1306"
"1307",0.283021978411842,"1307"
"1308",-0.241361483249033,"1308"
"1309",0.216691915933406,"1309"
"1310",-0.143314934190333,"1310"
"1311",-0.0096129064896075,"1311"
"1312",0.220271381767234,"1312"
"1313",0.251920380510209,"1313"
"1314",-0.293310199549225,"1314"
"1315",-0.0181624052883895,"1315"
"1316",-0.0961017861089294,"1316"
"1317",0.237259475680752,"1317"
"1318",-0.419603766163827,"1318"
"1319",-0.0290673177873175,"1319"
"1320",0.232698627034328,"1320"
"1321",0.0147742057367831,"1321"
"1322",0.38144709483406,"1322"
"1323",-0.279987067976977,"1323"
"1324",0.116683124613733,"1324"
"1325",-0.248347004507148,"1325"
"1326",0.351152704927234,"1326"
"1327",-0.126314660370307,"1327"
"1328",0.100214901045985,"1328"
"1329",0.261943699054053,"1329"
"1330",-0.0225946418618661,"1330"
"1331",-0.100974548254901,"1331"
"1332",-0.157199196786227,"1332"
"1333",0.177479036317792,"1333"
"1334",0.294368797710591,"1334"
"1335",-0.164330038245775,"1335"
"1336",0.00897689435373843,"1336"
"1337",0.260653157110421,"1337"
"1338",-0.0988453744819393,"1338"
"1339",0.175323290358047,"1339"
"1340",0.2241293260831,"1340"
"1341",-0.0437425746090068,"1341"
"1342",0.143109526484058,"1342"
"1343",0.0956902552172678,"1343"
"1344",0.127447382856054,"1344"
"1345",-0.116876837083309,"1345"
"1346",0.289176308345071,"1346"
"1347",0.0160498534176714,"1347"
"1348",-0.109778985051039,"1348"
"1349",0.2935620651008,"1349"
"1350",0.0860971437738282,"1350"
"1351",-0.268519157873294,"1351"
"1352",-0.44875918394038,"1352"
"1353",-0.0842701885198751,"1353"
"1354",0.342037357243479,"1354"
"1355",-0.269566076124259,"1355"
"1356",0.654394775261099,"1356"
"1357",-0.212396762329962,"1357"
"1358",0.064552232963372,"1358"
"1359",-0.181691253104279,"1359"
"1360",-0.0554263181929065,"1360"
"1361",-0.090329853694579,"1361"
"1362",0.181458404261747,"1362"
"1363",0.307247658005541,"1363"
"1364",0.072979896802031,"1364"
"1365",-0.0901468064136059,"1365"
"1366",0.343473388334377,"1366"
"1367",0.056527784631193,"1367"
"1368",0.0144631229917795,"1368"
"1369",0.198595974002641,"1369"
"1370",0.00847128201976073,"1370"
"1371",0.122178686836312,"1371"
"1372",-0.1936429931111,"1372"
"1373",0.228767318137759,"1373"
"1374",-0.272941543420229,"1374"
"1375",0.21261945622469,"1375"
"1376",-0.20502770147353,"1376"
"1377",-0.0473436739232491,"1377"
"1378",-0.0306338511918638,"1378"
"1379",0.341375216994253,"1379"
"1380",-0.331987629304884,"1380"
"1381",0.331462170110269,"1381"
"1382",0.401594203171699,"1382"
"1383",-0.323383915835531,"1383"
"1384",-0.155635789679231,"1384"
"1385",0.0312121814202707,"1385"
"1386",0.0746462067776457,"1386"
"1387",0.143515290044401,"1387"
"1388",0.0696151264109036,"1388"
"1389",-0.243559067172218,"1389"
"1390",0.0239206073979301,"1390"
"1391",0.0868712804329205,"1391"
"1392",0.267299774539164,"1392"
"1393",0.18112089380254,"1393"
"1394",-0.229634940001827,"1394"
"1395",-0.14744045333701,"1395"
"1396",0.271661191818137,"1396"
"1397",0.327085329081832,"1397"
"1398",-0.103257489086306,"1398"
"1399",-0.265241439561699,"1399"
"1400",0.00942452106514974,"1400"
"1401",0.0244688499252778,"1401"
"1402",0.230052470896338,"1402"
"1403",-0.458724580794435,"1403"
"1404",0.130490333427562,"1404"
"1405",-0.0466361597718069,"1405"
"1406",0.12909390154556,"1406"
"1407",0.420668708267532,"1407"
"1408",-0.135657178693596,"1408"
"1409",-0.279366524651219,"1409"
"1410",-0.388124235866132,"1410"
"1411",0.181758026353085,"1411"
"1412",0.31907607335876,"1412"
"1413",0.191494861174843,"1413"
"1414",0.393619896135402,"1414"
"1415",-0.10097413811049,"1415"
"1416",0.293305286002028,"1416"
"1417",0.0844272562216617,"1417"
"1418",-0.587335801587498,"1418"
"1419",-0.0459010444953495,"1419"
"1420",0.154643120249727,"1420"
"1421",0.0505214759060067,"1421"
"1422",0.0790043248918892,"1422"
"1423",0.218744263275251,"1423"
"1424",-0.217952396790455,"1424"
"1425",0.143436939479692,"1425"
"1426",0.0696993801871102,"1426"
"1427",0.109226135237814,"1427"
"1428",0.16627101535216,"1428"
"1429",0.116620017820458,"1429"
"1430",0.538836588255288,"1430"
"1431",0.201893788362318,"1431"
"1432",0.088555937937664,"1432"
"1433",0.0127223337426139,"1433"
"1434",-0.131337766518524,"1434"
"1435",-0.0457596904151525,"1435"
"1436",-0.371687847904693,"1436"
"1437",0.312813774889286,"1437"
"1438",0.000817185847885334,"1438"
"1439",0.062937390978694,"1439"
"1440",-0.224579925871009,"1440"
"1441",-0.0718016579791725,"1441"
"1442",-0.317365003486644,"1442"
"1443",-0.244327482580111,"1443"
"1444",-0.336653293037171,"1444"
"1445",0.502994861618813,"1445"
"1446",-0.227089744733726,"1446"
"1447",0.0504224015238244,"1447"
"1448",0.117060878804817,"1448"
"1449",-0.098425190505354,"1449"
"1450",-0.343067356877778,"1450"
"1451",-0.0929818404327386,"1451"
"1452",-0.667284827166575,"1452"
"1453",-0.587750902188175,"1453"
"1454",0.0856093822869354,"1454"
"1455",0.0193592849323059,"1455"
"1456",-0.228353613056709,"1456"
"1457",-0.442857379210957,"1457"
"1458",0.400448132044803,"1458"
"1459",-0.0608843289663063,"1459"
"1460",0.750849049696153,"1460"
"1461",0.164962988675098,"1461"
"1462",0.33758502949071,"1462"
"1463",-0.0999228897092316,"1463"
"1464",-0.384545224897975,"1464"
"1465",0.262135920907904,"1465"
"1466",-0.238322037079717,"1466"
"1467",0.0177054760918802,"1467"
"1468",0.115329820884806,"1468"
"1469",0.0956303606534954,"1469"
"1470",-0.197130294756679,"1470"
"1471",0.609517175918917,"1471"
"1472",0.0188910934754862,"1472"
"1473",-0.159376931981928,"1473"
"1474",-0.100999246930974,"1474"
"1475",-0.384803827716488,"1475"
"1476",0.0465135802727641,"1476"
"1477",0.0795732325917036,"1477"
"1478",0.175746124405866,"1478"
"1479",0.0972857528343062,"1479"
"1480",-0.113735412805482,"1480"
"1481",-0.00265612330375361,"1481"
"1482",0.159234563794659,"1482"
"1483",-0.176917648055892,"1483"
"1484",-0.127374485498895,"1484"
"1485",-0.137777538797548,"1485"
"1486",0.501043336861183,"1486"
"1487",-0.336653293037171,"1487"
"1488",-0.302992549600046,"1488"
"1489",0.0329876680185308,"1489"
"1490",0.685602640381867,"1490"
"1491",-0.134718328511245,"1491"
"1492",0.272261608020277,"1492"
"1493",-0.0566480689722089,"1493"
"1494",-0.411935293004928,"1494"
"1495",0.500554293267952,"1495"
"1496",-0.252998053271541,"1496"
"1497",0.361421138892176,"1497"
"1498",0.0746462067776457,"1498"
"1499",-0.393610758774061,"1499"
"1500",-0.680155133158307,"1500"
"1501",0.0101019669701843,"1501"
"1502",-0.155019418373565,"1502"
"1503",-0.0291779792890833,"1503"
"1504",0.141028067914683,"1504"
"1505",-0.226339793634659,"1505"
"1506",0.387606794778616,"1506"
"1507",-0.100057273202669,"1507"
"1508",-0.00968940763401989,"1508"
"1509",-0.156678534380519,"1509"
"1510",0.0701885904553785,"1510"
"1511",-0.104771214322658,"1511"
"1512",0.468586605525485,"1512"
"1513",-0.027967198652714,"1513"
"1514",0.3842420779135,"1514"
"1515",0.111871592096308,"1515"
"1516",-0.337059903398669,"1516"
"1517",0.087621360368962,"1517"
"1518",-0.42730094005119,"1518"
"1519",0.0501684615917038,"1519"
"1520",0.528263523647826,"1520"
"1521",-0.111938788096898,"1521"
"1522",-0.148812061836536,"1522"
"1523",-0.240061353201657,"1523"
"1524",-0.176715072786871,"1524"
"1525",0.0189328411147006,"1525"
"1526",-0.0910330917678245,"1526"
"1527",0.0347744956079261,"1527"
"1528",-0.201712401995427,"1528"
"1529",0.381920299553755,"1529"
"1530",0.188611797955923,"1530"
"1531",0.228101198087553,"1531"
"1532",0.246983582232909,"1532"
"1533",-0.26870985462026,"1533"
"1534",-0.0707298414422385,"1534"
"1535",-0.216506986188717,"1535"
"1536",0.220271381767234,"1536"
"1537",0.0987835092983811,"1537"
"1538",0.0523177085025305,"1538"
"1539",-0.145384683317346,"1539"
"1540",0.00292975568604546,"1540"
"1541",-0.406745674185241,"1541"
"1542",0.000385650234750942,"1542"
"1543",0.0162649622583602,"1543"
"1544",-0.0320062015267095,"1544"
"1545",-0.0659824309237709,"1545"
"1546",-0.127158622786741,"1546"
"1547",0.208955085061812,"1547"
"1548",-0.0627328589018269,"1548"
"1549",-0.618195047252438,"1549"
"1550",0.128902296707603,"1550"
"1551",-0.0875916745759742,"1551"
"1552",-0.273246014697439,"1552"
"1553",-0.0384007569485459,"1553"
"1554",0.143421072425959,"1554"
"1555",-0.236929905518921,"1555"
"1556",0.276193045331661,"1556"
"1557",0.0529139815048791,"1557"
"1558",-0.10709766279858,"1558"
"1559",-0.105135121584349,"1559"
"1560",0.294574177316183,"1560"
"1561",0.152205973404389,"1561"
"1562",-0.290279067005633,"1562"
"1563",0.112082725833063,"1563"
"1564",-0.468976750941393,"1564"
"1565",-0.323631413652396,"1565"
"1566",-0.185722823304857,"1566"
"1567",-0.226669966942423,"1567"
"1568",-0.27371453456598,"1568"
"1569",-0.00795266685795534,"1569"
"1570",-0.00509721556179334,"1570"
"1571",0.142645827270938,"1571"
"1572",0.182077660882135,"1572"
"1573",-0.118151913859561,"1573"
"1574",-0.154435770804642,"1574"
"1575",-0.388423169049005,"1575"
"1576",-0.115612999604106,"1576"
"1577",0.307844620426992,"1577"
"1578",0.359923768995096,"1578"
"1579",-0.0389028611186975,"1579"
"1580",-0.037525727745628,"1580"
"1581",-0.127619434959647,"1581"
"1582",0.220271381767234,"1582"
"1583",-0.362891796631967,"1583"
"1584",0.107386321313874,"1584"
"1585",0.30387049435567,"1585"
"1586",-0.0550084554058987,"1586"
"1587",0.0543462024908254,"1587"
"1588",0.0239206073979301,"1588"
"1589",0.17994301925396,"1589"
"1590",0.0474915932719806,"1590"
"1591",0.313220901789537,"1591"
"1592",0.0389434993881631,"1592"
"1593",0.35039095013418,"1593"
"1594",-0.204422462139731,"1594"
"1595",-0.294310237695411,"1595"
"1596",-0.243492261922662,"1596"
"1597",0.152565170094086,"1597"
"1598",0.199006595967469,"1598"
"1599",0.13364442195802,"1599"
"1600",-0.200888540142487,"1600"
"1601",0.255364285979271,"1601"
"1602",0.171548263183598,"1602"
"1603",-0.109423886835076,"1603"
"1604",-0.0999228897092316,"1604"
"1605",-0.0594427161086058,"1605"
"1606",-0.452104527200032,"1606"
"1607",0.149242008150168,"1607"
"1608",-0.256887806026787,"1608"
"1609",-0.293517125501415,"1609"
"1610",-0.172663441144675,"1610"
"1611",-0.316652279771763,"1611"
"1612",0.201979535128031,"1612"
"1613",-0.204617632867686,"1613"
"1614",-0.27184333632909,"1614"
"1615",-0.357907467151545,"1615"
"1616",-0.095670026320583,"1616"
"1617",0.0689951362000313,"1617"
"1618",-0.0341704761342021,"1618"
"1619",-0.349087787568631,"1619"
"1620",0.231640626398513,"1620"
"1621",-0.0839336391300822,"1621"
"1622",0.112569617760825,"1622"
"1623",-0.392904497837589,"1623"
"1624",-0.102577876987967,"1624"
"1625",0.428964461511283,"1625"
"1626",0.0642472888398386,"1626"
"1627",0.0686522653088261,"1627"
"1628",-0.0235754873891197,"1628"
"1629",0.0789607436901815,"1629"
"1630",-0.125122042638547,"1630"
"1631",-0.0116647769379613,"1631"
"1632",0.185767737988475,"1632"
"1633",-0.139238944582593,"1633"
"1634",0.164218176543612,"1634"
"1635",-0.354381852405478,"1635"
"1636",-0.367774075475695,"1636"
"1637",0.277124186459283,"1637"
"1638",-0.076325230933303,"1638"
"1639",-0.190010699463196,"1639"
"1640",0.327801951949373,"1640"
"1641",0.0134607181904481,"1641"
"1642",0.283845428637957,"1642"
"1643",0.0219431403812785,"1643"
"1644",0.142060887072587,"1644"
"1645",-0.0644083585960307,"1645"
"1646",0.395128411986689,"1646"
"1647",-0.0893876364637102,"1647"
"1648",0.166236634686421,"1648"
"1649",-0.559981834116446,"1649"
"1650",0.225455493609396,"1650"
"1651",-0.162493781864777,"1651"
"1652",-0.339149255972741,"1652"
"1653",-0.152125195004361,"1653"
"1654",-0.242343658454613,"1654"
"1655",-0.0641323259516696,"1655"
"1656",0.0957996117362266,"1656"
"1657",0.443909430528155,"1657"
"1658",0.135932023091233,"1658"
"1659",-0.0759341956263505,"1659"
"1660",-0.0861979131216173,"1660"
"1661",-0.14103776147251,"1661"
"1662",-0.568107274502317,"1662"
"1663",0.183970711632001,"1663"
"1664",0.0338534966570812,"1664"
"1665",-0.156200631298043,"1665"
"1666",0.160684179942089,"1666"
"1667",0.106227172119372,"1667"
"1668",-0.0439018487722103,"1668"
"1669",0.352294424906862,"1669"
"1670",0.283260157563053,"1670"
"1671",-0.103241419863168,"1671"
"1672",-0.208295503685236,"1672"
"1673",0.0737006464492731,"1673"
"1674",0.309336110099461,"1674"
"1675",-0.146375294800717,"1675"
"1676",0.0347744956079261,"1676"
"1677",-0.107183746557826,"1677"
"1678",0.21181422636952,"1678"
"1679",0.145538064857754,"1679"
"1680",-0.105649607814999,"1680"
"1681",0.0661912766619767,"1681"
"1682",-0.0999228897092316,"1682"
"1683",-0.0983325063998368,"1683"
"1684",0.0807523048323234,"1684"
"1685",0.193399154400768,"1685"
"1686",-0.180121006618026,"1686"
"1687",-0.190010699463196,"1687"
"1688",-0.0527076254226722,"1688"
"1689",-0.159040799019036,"1689"
"1690",0.100325979170556,"1690"
"1691",-0.310949779903293,"1691"
"1692",-0.141450372685798,"1692"
"1693",0.118007430854726,"1693"
"1694",-0.800824964475964,"1694"
"1695",-0.133660943361713,"1695"
"1696",-0.390615270545198,"1696"
"1697",0.117760973007258,"1697"
"1698",-0.163241684276905,"1698"
"1699",-0.686138773013714,"1699"
"1700",0.16074792842865,"1700"
"1701",0.107386321313874,"1701"
"1702",0.0577431059212181,"1702"
"1703",-0.119964080626078,"1703"
"1704",-0.141376211870023,"1704"
"1705",0.190343078614724,"1705"
"1706",-0.324986159081778,"1706"
"1707",-0.0262819340043737,"1707"
"1708",-0.0155335886505157,"1708"
"1709",-0.0627328589018269,"1709"
"1710",0.128340514108953,"1710"
"1711",0.0358859290512716,"1711"
"1712",0.126382707286389,"1712"
"1713",0.480890921484053,"1713"
"1714",-0.209304306268909,"1714"
"1715",-0.16816732322328,"1715"
"1716",0.404955376901989,"1716"
"1717",-0.143460021730483,"1717"
"1718",-0.101286976934589,"1718"
"1719",-0.0832293180239853,"1719"
"1720",0.0355045018183855,"1720"
"1721",0.401755771803541,"1721"
"1722",0.33581467252718,"1722"
"1723",0.0430123431449498,"1723"
"1724",-0.280261707224985,"1724"
"1725",-0.155426457798931,"1725"
"1726",0.232296974103302,"1726"
"1727",-0.220288491130411,"1727"
"1728",0.111237387601752,"1728"
"1729",-0.0665601644838542,"1729"
"1730",-0.10950672373095,"1730"
"1731",0.0931356217918162,"1731"
"1732",0.429288207953131,"1732"
"1733",-0.225302073114724,"1733"
"1734",0.0213934352560814,"1734"
"1735",0.0822156712861402,"1735"
"1736",-0.348713716673611,"1736"
"1737",0.0453810074106781,"1737"
"1738",-0.270306088689317,"1738"
"1739",0.0389108388222683,"1739"
"1740",0.514596675399446,"1740"
"1741",0.0365032169438785,"1741"
"1742",-0.104176762134767,"1742"
"1743",0.0587764736036553,"1743"
"1744",0.337518233839233,"1744"
"1745",0.180799485733043,"1745"
"1746",-0.163241684276905,"1746"
"1747",-0.441961342951585,"1747"
"1748",-0.179069205402314,"1748"
"1749",0.258227233221521,"1749"
"1750",-0.192980780413364,"1750"
"1751",-0.340596385585757,"1751"
"1752",0.0252568541625455,"1752"
"1753",0.0270202041057637,"1753"
"1754",-0.182977855662365,"1754"
"1755",0.0113348208431188,"1755"
"1756",0.666741447109121,"1756"
"1757",0.22172720692361,"1757"
"1758",0.177765301387487,"1758"
"1759",0.202500815690608,"1759"
"1760",0.435034957392652,"1760"
"1761",-0.0184166530994371,"1761"
"1762",-0.410293164324989,"1762"
"1763",0.334371414848666,"1763"
"1764",-0.279439332597553,"1764"
"1765",-0.179438128086835,"1765"
"1766",0.0619732569479765,"1766"
"1767",0.0367685395667128,"1767"
"1768",0.169086002214718,"1768"
"1769",0.323226103954419,"1769"
"1770",-0.143634437434594,"1770"
"1771",-0.000962190601310956,"1771"
"1772",-0.0194061257519483,"1772"
"1773",0.148397391475434,"1773"
"1774",0.0302212721758004,"1774"
"1775",-0.465300907641323,"1775"
"1776",-0.0643168413227764,"1776"
"1777",-0.0955159406496576,"1777"
"1778",-0.316091944252393,"1778"
"1779",0.0884739239462095,"1779"
"1780",0.0674050228466202,"1780"
"1781",-0.508906298644604,"1781"
"1782",-0.105022668915654,"1782"
"1783",-0.0329440812270279,"1783"
"1784",-0.0922573120863118,"1784"
"1785",0.304251218593522,"1785"
"1786",-0.00112991868141912,"1786"
"1787",0.132071193253314,"1787"
"1788",-0.297509043192467,"1788"
"1789",-0.566874894529329,"1789"
"1790",0.194261340286804,"1790"
"1791",-0.0748898682246001,"1791"
"1792",-0.520555927728343,"1792"
"1793",0.1176571069889,"1793"
"1794",0.139096176743706,"1794"
"1795",-0.269796233379073,"1795"
"1796",0.167370028779891,"1796"
"1797",0.378808409605256,"1797"
"1798",-0.0419232311813062,"1798"
"1799",-0.089178940504069,"1799"
"1800",0.157732348909613,"1800"
"1801",-0.202556030070232,"1801"
"1802",-0.307561452009835,"1802"
"1803",-0.302633152305427,"1803"
"1804",-0.184518107255177,"1804"
"1805",-0.0750315414978904,"1805"
"1806",-0.264033265149703,"1806"
"1807",-0.00443342922463741,"1807"
"1808",-0.0751210203047839,"1808"
"1809",0.195160570711798,"1809"
"1810",0.43756894831664,"1810"
"1811",0.375686776310105,"1811"
"1812",-0.546052316679018,"1812"
"1813",-0.190010699463196,"1813"
"1814",-0.190263546953482,"1814"
"1815",-0.34787680380989,"1815"
"1816",-0.0985870002116803,"1816"
"1817",-0.431037878726111,"1817"
"1818",-0.124712349070952,"1818"
"1819",0.0930863301746987,"1819"
"1820",-0.130734739420818,"1820"
"1821",-0.34691663633138,"1821"
"1822",0.000117725932710676,"1822"
"1823",-0.343924218665035,"1823"
"1824",0.273992211522458,"1824"
"1825",-0.13905314353075,"1825"
"1826",-0.199765277346894,"1826"
"1827",-0.0358510326108989,"1827"
"1828",0.192830860274672,"1828"
"1829",0.149242008150168,"1829"
"1830",0.44615200852692,"1830"
"1831",-0.364828792744338,"1831"
"1832",0.518343438474799,"1832"
"1833",-0.304222219178572,"1833"
"1834",-0.0896098102762444,"1834"
"1835",-0.255637717656688,"1835"
"1836",-0.363942616089269,"1836"
"1837",0.184143839363652,"1837"
"1838",-0.0223475757508674,"1838"
"1839",0.0377018424749471,"1839"
"1840",0.08713611453869,"1840"
"1841",0.102734282430437,"1841"
"1842",-0.0949603881317816,"1842"
"1843",-0.000204098270706614,"1843"
"1844",-0.0562705836934473,"1844"
"1845",-0.271494518926406,"1845"
"1846",0.10218957168598,"1846"
"1847",-0.381470457266997,"1847"
"1848",0.461515195528628,"1848"
"1849",-0.184570237249,"1849"
"1850",0.400888210729345,"1850"
"1851",-0.366019990950976,"1851"
"1852",-0.37464056358037,"1852"
"1853",0.0518629557667987,"1853"
"1854",0.0485169727588969,"1854"
"1855",-0.0666621391365384,"1855"
"1856",-0.299234313099691,"1856"
"1857",0.146489192889671,"1857"
"1858",-0.252139583257289,"1858"
"1859",-0.117207698209963,"1859"
"1860",0.0839944628415445,"1860"
"1861",0.17838380396585,"1861"
"1862",-0.010632170911146,"1862"
"1863",0.135900452145878,"1863"
"1864",-0.156995642581533,"1864"
"1865",0.308502489053356,"1865"
"1866",0.161676502681629,"1866"
"1867",0.390663674322054,"1867"
"1868",-0.26480470505844,"1868"
"1869",-0.467584174694724,"1869"
"1870",0.0219631920976732,"1870"
"1871",-0.0554926215420199,"1871"
"1872",0.294301926592696,"1872"
"1873",-0.0873714192225065,"1873"
"1874",-0.169575521724947,"1874"
"1875",-0.140320393031682,"1875"
"1876",-0.082426492537036,"1876"
"1877",-0.112535032288692,"1877"
"1878",0.459994305857443,"1878"
"1879",0.32622738940136,"1879"
"1880",-0.107764642550411,"1880"
"1881",0.0219070357720886,"1881"
"1882",0.244707003024952,"1882"
"1883",0.304541637621298,"1883"
"1884",-0.0673157723347899,"1884"
"1885",0.0305318838471631,"1885"
"1886",0.121015173383653,"1886"
"1887",0.236484536398335,"1887"
"1888",0.0122271541713916,"1888"
"1889",-0.308770813723163,"1889"
"1890",-0.545053914480796,"1890"
"1891",-0.45012868516387,"1891"
"1892",-0.145735910715518,"1892"
"1893",-0.172495969963222,"1893"
"1894",0.0991605836745264,"1894"
"1895",-0.0417416021855999,"1895"
"1896",-0.57092283431704,"1896"
"1897",-0.196284887361036,"1897"
"1898",-0.257392672306707,"1898"
"1899",0.0553636094970204,"1899"
"1900",0.236427061148406,"1900"
"1901",-0.0291942339150464,"1901"
"1902",0.395147538576506,"1902"
"1903",0.222964282807778,"1903"
"1904",-0.545810142686958,"1904"
"1905",0.0275333116769008,"1905"
"1906",-0.178736783995626,"1906"
"1907",-0.0413650550901065,"1907"
"1908",0.1356543327059,"1908"
"1909",0.304066863187871,"1909"
"1910",-0.226382757924077,"1910"
"1911",0.285545654366348,"1911"
"1912",0.35466447072468,"1912"
"1913",0.301536306796349,"1913"
"1914",-0.00644634184494685,"1914"
"1915",0.378526876842548,"1915"
"1916",-0.250936389017097,"1916"
"1917",0.261372123886466,"1917"
"1918",0.103932348724639,"1918"
"1919",0.159710812382989,"1919"
"1920",-0.291499062541951,"1920"
"1921",0.0103121906523241,"1921"
"1922",-0.00910245598176662,"1922"
"1923",-0.307352264444878,"1923"
"1924",-0.278170534565326,"1924"
"1925",-0.0195569923316765,"1925"
"1926",0.307599717534645,"1926"
"1927",0.189562974320234,"1927"
"1928",-0.162216511603574,"1928"
"1929",-0.33314030374643,"1929"
"1930",0.20053458875916,"1930"
"1931",0.223199793291457,"1931"
"1932",-0.253598327084037,"1932"
"1933",-0.171354427950753,"1933"
"1934",-0.37155330709405,"1934"
"1935",-0.569291734059931,"1935"
"1936",0.144330053626105,"1936"
"1937",-0.220120128619957,"1937"
"1938",-0.142839921258118,"1938"
"1939",0.0524247469936423,"1939"
"1940",0.109678123349998,"1940"
"1941",0.368133785865429,"1941"
"1942",-0.212220834288761,"1942"
"1943",-0.288137919085841,"1943"
"1944",-0.0627328589018269,"1944"
"1945",-0.0583954067326649,"1945"
"1946",0.0568551763044315,"1946"
"1947",-0.288980585319533,"1947"
"1948",0.165614200185131,"1948"
"1949",0.141786227144316,"1949"
"1950",0.208789389739113,"1950"
"1951",0.290872232012193,"1951"
"1952",-0.630344023994135,"1952"
"1953",-0.17461715530482,"1953"
"1954",-0.370081675014646,"1954"
"1955",-0.195143715458935,"1955"
"1956",0.0213934352560814,"1956"
"1957",-0.12261117007489,"1957"
"1958",0.216317148635295,"1958"
"1959",-0.00444313602836587,"1959"
"1960",-0.11206877381522,"1960"
"1961",-0.00335383628188908,"1961"
"1962",0.347067601591822,"1962"
"1963",-0.406725386248283,"1963"
"1964",-0.122298963488688,"1964"
"1965",0.0701884612177947,"1965"
"1966",-0.510181282638144,"1966"
"1967",-0.018665426806119,"1967"
"1968",-0.118676151711805,"1968"
"1969",-0.197227521789138,"1969"
"1970",-0.318480118054416,"1970"
"1971",-0.0114339860321237,"1971"
"1972",-0.105155786075293,"1972"
"1973",-0.255176899667773,"1973"
"1974",-0.0721495930879193,"1974"
"1975",-0.170749908852477,"1975"
"1976",0.30609485474892,"1976"
"1977",0.0263035690787042,"1977"
"1978",0.16579801432004,"1978"
"1979",0.0242286354292052,"1979"
"1980",0.107714525173602,"1980"
"1981",0.0685231528463427,"1981"
"1982",-0.158323201110908,"1982"
"1983",0.0627173180679583,"1983"
"1984",-0.000996733914988254,"1984"
"1985",0.0287723268383434,"1985"
"1986",0.280725439235866,"1986"
"1987",0.109217624299517,"1987"
"1988",0.129001877957386,"1988"
"1989",0.200286114123353,"1989"
"1990",0.208769980448907,"1990"
"1991",0.107714525173602,"1991"
"1992",0.359843720014994,"1992"
"1993",0.0182651473644923,"1993"
"1994",-0.0817930008674774,"1994"
"1995",-0.218556389823075,"1995"
"1996",0.0746462067776457,"1996"
"1997",0.521497399834594,"1997"
"1998",-0.18720605882586,"1998"
"1999",-0.369686632908156,"1999"
"2000",0.127255776444531,"2000"
"2001",-0.256729900064721,"2001"
"2002",0.0525005736968628,"2002"
"2003",0.249155118294041,"2003"
"2004",0.241504779706919,"2004"
"2005",-0.0141776657503635,"2005"
"2006",-0.0663876330375009,"2006"
"2007",0.0925259809389619,"2007"
"2008",0.115915203062446,"2008"
"2009",-0.346926212229021,"2009"
"2010",0.0646402273373528,"2010"
"2011",0.187982798437055,"2011"
"2012",-0.00706169916360567,"2012"
"2013",-0.0415333917090818,"2013"
"2014",0.248808148377571,"2014"
"2015",-0.290754251302569,"2015"
"2016",0.143800774493247,"2016"
"2017",0.422893676307395,"2017"
"2018",0.0786750608819698,"2018"
"2019",0.120149019705063,"2019"
"2020",-0.128026479339889,"2020"
"2021",-0.0697433595057042,"2021"
"2022",0.312782739537533,"2022"
"2023",0.10194373620981,"2023"
"2024",0.268269529176883,"2024"
"2025",-0.418432714889311,"2025"
"2026",-0.0429788858532478,"2026"
"2027",0.153244414274867,"2027"
"2028",0.443577855124905,"2028"
"2029",-0.172640181715989,"2029"
"2030",0.133491736346184,"2030"
"2031",0.0755758708777798,"2031"
"2032",0.47269913119593,"2032"
"2033",-0.0194061257519483,"2033"
"2034",0.135721531283072,"2034"
"2035",-0.55264519004557,"2035"
"2036",-0.106059592051705,"2036"
"2037",-0.00388491145316401,"2037"
"2038",0.106216443939466,"2038"
"2039",0.284687887681021,"2039"
"2040",0.171214612301366,"2040"
"2041",-0.279153885686965,"2041"
"2042",-0.154492750822439,"2042"
"2043",0.141182440497818,"2043"
"2044",0.0588061458062455,"2044"
"2045",0.288987377835895,"2045"
"2046",0.312264026402888,"2046"
"2047",-0.121057947271127,"2047"
"2048",0.393619896135402,"2048"
"2049",-0.401401872780849,"2049"
"2050",-0.527090938006341,"2050"
"2051",0.263879990803369,"2051"
"2052",-0.496304999786172,"2052"
"2053",0.0592866329056019,"2053"
"2054",-0.107470691849825,"2054"
"2055",0.325005223926126,"2055"
"2056",-0.167811592620676,"2056"
"2057",0.0830655228419031,"2057"
"2058",-0.106059592051705,"2058"
"2059",-0.144455347160101,"2059"
"2060",0.368393545703244,"2060"
"2061",0.204608685597002,"2061"
"2062",-0.0607212789193493,"2062"
"2063",-0.204351048068212,"2063"
"2064",0.246163788404607,"2064"
"2065",-0.0888710574111692,"2065"
"2066",0.0746462067776457,"2066"
"2067",-0.00485930229980405,"2067"
"2068",-0.256087163651979,"2068"
"2069",-0.222457898654413,"2069"
"2070",-0.0419763062042348,"2070"
"2071",-0.03434983879614,"2071"
"2072",0.111096788915181,"2072"
"2073",0.00802983371263174,"2073"
"2074",0.0234348020237278,"2074"
"2075",-0.0195291229882092,"2075"
"2076",-0.0236505431577569,"2076"
"2077",-0.0383433099524875,"2077"
"2078",-0.131201052857426,"2078"
"2079",0.156884861753892,"2079"
"2080",-0.215786284398857,"2080"
"2081",0.279436308063829,"2081"
"2082",-0.0783868140975557,"2082"
"2083",0.0347744956079261,"2083"
"2084",-0.565995024224235,"2084"
"2085",0.0738367059292405,"2085"
"2086",0.26673125235119,"2086"
"2087",-0.0318252006709601,"2087"
"2088",0.236614825939808,"2088"
"2089",0.412085533832676,"2089"
"2090",0.0269443863698069,"2090"
"2091",0.393500598559473,"2091"
"2092",-0.339726267827,"2092"
"2093",0.103081990134556,"2093"
"2094",-0.196024222284684,"2094"
"2095",0.307683257322651,"2095"
"2096",-0.150279004113039,"2096"
"2097",0.0360324704639421,"2097"
"2098",-0.183230290535836,"2098"
"2099",-0.249491983078639,"2099"
"2100",0.240931876868799,"2100"
"2101",-0.121862118808661,"2101"
"2102",-0.0114749598872535,"2102"
"2103",0.370029974387505,"2103"
"2104",0.321860231882864,"2104"
"2105",-0.111578976785584,"2105"
"2106",-0.280837005779763,"2106"
"2107",-0.201732762552242,"2107"
"2108",-0.282028663384393,"2108"
"2109",0.292612513377922,"2109"
"2110",-0.299564752043142,"2110"
"2111",-0.426766965359609,"2111"
"2112",-0.0783792326529204,"2112"
"2113",-0.0752313321902246,"2113"
"2114",0.309625221950667,"2114"
"2115",-0.306083984067462,"2115"
"2116",0.198371594703264,"2116"
"2117",-0.0988842796448328,"2117"
"2118",0.31657963333504,"2118"
"2119",0.0547719420140491,"2119"
"2120",-0.0241301451709103,"2120"
"2121",0.0621719638105755,"2121"
"2122",-0.0646475961916052,"2122"
"2123",-0.533087439336488,"2123"
"2124",0.0213934352560814,"2124"
"2125",0.331012432736668,"2125"
"2126",-0.170900419595883,"2126"
"2127",0.0427540415256774,"2127"
"2128",0.160212480368877,"2128"
"2129",0.610198028835824,"2129"
"2130",0.178249749913005,"2130"
"2131",0.171595969804583,"2131"
"2132",0.509104257131638,"2132"
"2133",0.349094458748427,"2133"
"2134",-0.428066221753119,"2134"
"2135",0.296812473174756,"2135"
"2136",-0.1143694582986,"2136"
"2137",-0.0451181115528501,"2137"
"2138",0.0606467492559796,"2138"
"2139",0.161918000066911,"2139"
"2140",-0.252755557724096,"2140"
"2141",-0.0618083884344706,"2141"
"2142",0.543520954503233,"2142"
"2143",0.314139344194874,"2143"
"2144",-0.0830715624169899,"2144"
"2145",0.424592870964049,"2145"
"2146",-0.407279101570679,"2146"
"2147",0.065459645206243,"2147"
"2148",-0.167553578649848,"2148"
"2149",0.028742642238955,"2149"
"2150",0.281968123524494,"2150"
"2151",-0.0316409946446918,"2151"
"2152",-0.0186258838850996,"2152"
"2153",0.00225249678631316,"2153"
"2154",-0.0112099192405527,"2154"
"2155",0.171888475466891,"2155"
"2156",0.378642221944802,"2156"
"2157",0.206028554789068,"2157"
"2158",-0.204876650399397,"2158"
"2159",-0.144359241717247,"2159"
"2160",-0.0991014274610345,"2160"
"2161",0.592971488693205,"2161"
"2162",0.226858820049359,"2162"
"2163",-0.485559289160312,"2163"
"2164",0.0620868077386016,"2164"
"2165",0.162905028561705,"2165"
"2166",-0.518252903743184,"2166"
"2167",0.195043793146416,"2167"
"2168",0.0523036275036168,"2168"
"2169",-0.44730745967228,"2169"
"2170",0.0863357718493377,"2170"
"2171",-0.301677033999543,"2171"
"2172",0.302421213083557,"2172"
"2173",-0.167497553698104,"2173"
"2174",-0.375805237178034,"2174"
"2175",0.17410693395604,"2175"
"2176",-0.151225711624696,"2176"
"2177",-0.249815060067737,"2177"
"2178",-0.0995289959602321,"2178"
"2179",-0.129227733680024,"2179"
"2180",-0.245524180698555,"2180"
"2181",-0.365693403628075,"2181"
"2182",0.29766121737035,"2182"
"2183",0.102158653427356,"2183"
"2184",-0.313203598348067,"2184"
"2185",0.433215747637675,"2185"
"2186",0.176043062691301,"2186"
"2187",0.0686143534086747,"2187"
"2188",0.267959113975525,"2188"
"2189",-0.00424637706298459,"2189"
"2190",-0.353416962864474,"2190"
"2191",-0.437576850404589,"2191"
"2192",0.0366712235729246,"2192"
"2193",-0.0920166086918474,"2193"
"2194",-0.150449773461112,"2194"
"2195",0.198718371623994,"2195"
"2196",-0.427702610572267,"2196"
"2197",-0.00679583377206574,"2197"
"2198",-0.332546683226499,"2198"
"2199",-0.224505338638932,"2199"
"2200",0.1380811208719,"2200"
"2201",0.291512210106399,"2201"
"2202",0.103826398126419,"2202"
"2203",0.0754137100020523,"2203"
"2204",0.138957093803374,"2204"
"2205",-0.039508594563178,"2205"
"2206",0.149149973233214,"2206"
"2207",0.0822805906942655,"2207"
"2208",-0.0168679237560984,"2208"
"2209",-0.315694253505719,"2209"
"2210",0.117008887859169,"2210"
"2211",0.0662236667667216,"2211"
"2212",0.0560827224835177,"2212"
"2213",0.12903585639548,"2213"
"2214",-0.43988331995077,"2214"
"2215",0.245221031541287,"2215"
"2216",-0.20573379620638,"2216"
"2217",0.286008094236444,"2217"
"2218",0.0189328411147006,"2218"
"2219",0.270761727723223,"2219"
"2220",-0.0690971054563565,"2220"
"2221",-0.0627328589018269,"2221"
"2222",0.218476578045422,"2222"
"2223",0.477444632306979,"2223"
"2224",-0.164584060240672,"2224"
"2225",-0.0380303507233888,"2225"
"2226",-0.0393010893562492,"2226"
"2227",0.289266108674286,"2227"
"2228",0.0201823756509103,"2228"
"2229",-0.0802179367145433,"2229"
"2230",-0.247459741641243,"2230"
"2231",-0.654463712175556,"2231"
"2232",-0.205918105912232,"2232"
"2233",-0.422634620551014,"2233"
"2234",0.0955097689050791,"2234"
"2235",0.212185615630047,"2235"
"2236",0.224345273545238,"2236"
"2237",0.0213934352560814,"2237"
"2238",-0.310790890696091,"2238"
"2239",0.254739153669454,"2239"
"2240",0.0802035981782185,"2240"
"2241",0.355875919592213,"2241"
"2242",-0.117398972806678,"2242"
"2243",-0.0745380712920246,"2243"
"2244",0.237259475680752,"2244"
"2245",-0.0906783714998359,"2245"
"2246",0.491947679341457,"2246"
"2247",0.459887927692037,"2247"
"2248",0.096756232779083,"2248"
"2249",-0.117609881815184,"2249"
"2250",-0.117051952964877,"2250"
"2251",0.21124744343699,"2251"
"2252",0.0784660157735376,"2252"
"2253",-0.537316538585807,"2253"
"2254",0.000180282776735983,"2254"
"2255",-0.0848406379012326,"2255"
"2256",0.137004595984871,"2256"
"2257",0.226570255997534,"2257"
"2258",0.305186402363923,"2258"
"2259",-0.284901593981787,"2259"
"2260",-0.877552380364573,"2260"
"2261",0.350460379746455,"2261"
"2262",0.340708473513718,"2262"
"2263",0.182489341530378,"2263"
"2264",0.444964286466868,"2264"
"2265",0.171871282191134,"2265"
"2266",0.489313708069506,"2266"
"2267",-0.0461158442910498,"2267"
"2268",-0.149386325201584,"2268"
"2269",-0.297926543120614,"2269"
"2270",-0.126314660370307,"2270"
"2271",-0.309020564087947,"2271"
"2272",0.264642332043227,"2272"
"2273",0.154335187846168,"2273"
"2274",-0.29629916937879,"2274"
"2275",0.255060746681499,"2275"
"2276",-0.284920709523485,"2276"
"2277",0.27451330954033,"2277"
"2278",0.0414020693466027,"2278"
"2279",0.251624086492171,"2279"
"2280",-0.0776765719460185,"2280"
"2281",-0.0363434880893831,"2281"
"2282",0.169016213094441,"2282"
"2283",0.36983624875298,"2283"
"2284",-0.249181494323257,"2284"
"2285",-0.0449751347558153,"2285"
"2286",-0.0640745339182649,"2286"
"2287",-0.175743122881997,"2287"
"2288",0.0895217160169586,"2288"
"2289",0.23270244083692,"2289"
"2290",-0.0288378028865265,"2290"
"2291",0.0400467820978851,"2291"
"2292",0.00653360948327466,"2292"
"2293",0.116385554710332,"2293"
"2294",-0.246364490865672,"2294"
"2295",-0.0144952710211938,"2295"
"2296",0.508224670104642,"2296"
"2297",0.177680090612893,"2297"
"2298",0.686079865574831,"2298"
"2299",0.252322692575571,"2299"
"2300",0.159869742934087,"2300"
"2301",-0.345677646424611,"2301"
"2302",-0.330060785933184,"2302"
"2303",-0.0109181541565288,"2303"
"2304",0.0950300953566374,"2304"
"2305",0.124621984879621,"2305"
"2306",-0.0929841495694377,"2306"
"2307",-0.317627886657461,"2307"
"2308",-0.41921433630713,"2308"
"2309",0.0982013707049604,"2309"
"2310",-0.552313468407678,"2310"
"2311",0.0950582364472772,"2311"
"2312",-0.0641221248384328,"2312"
"2313",-0.125894476714269,"2313"
"2314",-0.18872333052401,"2314"
"2315",0.448532339347996,"2315"
"2316",-0.0225388032462648,"2316"
"2317",0.13268262413931,"2317"
"2318",-0.014662148033821,"2318"
"2319",0.363668583584816,"2319"
"2320",-0.0999228897092316,"2320"
"2321",-0.24860722811799,"2321"
"2322",0.605065784910835,"2322"
"2323",0.0347744956079261,"2323"
"2324",-0.0779073284943734,"2324"
"2325",0.390663674322054,"2325"
"2326",-0.16688736987772,"2326"
"2327",-0.2792152467031,"2327"
"2328",0.00822457110519689,"2328"
"2329",0.010128461107428,"2329"
"2330",-0.456860722426477,"2330"
"2331",0.121388350904676,"2331"
"2332",-0.0265127023333925,"2332"
"2333",0.190548886997903,"2333"
"2334",0.175627488100276,"2334"
"2335",0.101869431831302,"2335"
"2336",-0.146701345827212,"2336"
"2337",-0.00460449289454515,"2337"
"2338",0.00268764127576405,"2338"
"2339",0.0189328411147006,"2339"
"2340",0.166985845776035,"2340"
"2341",-0.122434668265566,"2341"
"2342",-0.109952829347435,"2342"
"2343",0.222541439313304,"2343"
"2344",0.148624802199301,"2344"
"2345",0.233489389684453,"2345"
"2346",-0.07578433728514,"2346"
"2347",0.395542981987316,"2347"
"2348",-0.1634086074552,"2348"
"2349",0.234133051456524,"2349"
"2350",0.181948970842334,"2350"
"2351",0.40733010860267,"2351"
"2352",-0.327599110959582,"2352"
"2353",0.192950536701228,"2353"
"2354",-0.122640864340765,"2354"
"2355",-0.162011774006432,"2355"
"2356",0.216540865591672,"2356"
"2357",0.388425455546367,"2357"
"2358",0.0742995341092438,"2358"
"2359",-0.129277631106243,"2359"
"2360",-0.135482065357602,"2360"
"2361",0.152205973404389,"2361"
"2362",-0.0377243677294706,"2362"
"2363",-0.0818669140050309,"2363"
"2364",-0.553837089759231,"2364"
"2365",-0.109423886835076,"2365"
"2366",-0.219775480029588,"2366"
"2367",0.294726292339272,"2367"
"2368",0.272841179587349,"2368"
"2369",0.0402983625350187,"2369"
"2370",0.0853991603233755,"2370"
"2371",0.10196556303372,"2371"
"2372",-0.0757783998302902,"2372"
"2373",0.511130095905803,"2373"
"2374",-0.164584060240672,"2374"
"2375",0.0227778115643826,"2375"
"2376",-0.0937516158334782,"2376"
"2377",-0.106059592051705,"2377"
"2378",-0.173490986027675,"2378"
"2379",0.002316175525385,"2379"
"2380",0.233547016810694,"2380"
"2381",-0.0145830966067598,"2381"
"2382",-0.147177090791566,"2382"
"2383",-0.0774328215151201,"2383"
"2384",-0.0985092699759604,"2384"
"2385",0.3530363706086,"2385"
"2386",-0.44635863485336,"2386"
"2387",-0.00460449289454515,"2387"
"2388",0.401022509669751,"2388"
"2389",0.192033059638113,"2389"
"2390",-0.151834580059809,"2390"
"2391",0.338272025905428,"2391"
"2392",0.126935833603208,"2392"
"2393",-0.214741900378428,"2393"
"2394",-0.224505338638932,"2394"
"2395",-0.226333160498982,"2395"
"2396",0.199379541511164,"2396"
"2397",-0.0415346226751572,"2397"
"2398",-0.235415679457984,"2398"
"2399",0.000338611797392533,"2399"
"2400",-0.265643787486491,"2400"
"2401",0.138957093803374,"2401"
"2402",0.087666654097613,"2402"
"2403",-0.329761054556728,"2403"
"2404",0.23195086283734,"2404"
"2405",-0.319368179779435,"2405"
"2406",-0.0366390450891419,"2406"
"2407",0.0642277761368876,"2407"
"2408",-0.395532818423681,"2408"
"2409",0.2250184476996,"2409"
"2410",0.192634797867366,"2410"
"2411",-0.135918624545743,"2411"
"2412",-0.0593649183899396,"2412"
"2413",-0.0980100969097849,"2413"
"2414",-0.117832112204562,"2414"
"2415",-0.353892027581371,"2415"
"2416",0.235219943927625,"2416"
"2417",0.306512015120597,"2417"
"2418",0.149626343711289,"2418"
"2419",0.11275109944808,"2419"
"2420",0.0949292696431988,"2420"
"2421",0.00342778506713626,"2421"
"2422",-0.209311866527339,"2422"
"2423",-0.373824347871369,"2423"
"2424",0.0520819872093089,"2424"
"2425",-0.061811941967614,"2425"
"2426",0.263190187301826,"2426"
"2427",0.234133051456524,"2427"
"2428",0.124990690091904,"2428"
"2429",-0.00461772209875438,"2429"
"2430",-0.165268475186966,"2430"
"2431",0.112090581171518,"2431"
"2432",-0.375403761757996,"2432"
"2433",-0.149386325201584,"2433"
"2434",-0.391396411603146,"2434"
"2435",-0.264091952412066,"2435"
"2436",-0.0345729271776833,"2436"
"2437",-0.426727939793475,"2437"
"2438",-0.34787680380989,"2438"
"2439",-0.0560227749955873,"2439"
"2440",0.0300516199430959,"2440"
"2441",0.121571195161341,"2441"
"2442",0.271483774350113,"2442"
"2443",-0.441310801530433,"2443"
"2444",-0.136487871108348,"2444"
"2445",-0.203898231033868,"2445"
"2446",-0.0472599206923603,"2446"
"2447",-0.333169098964957,"2447"
"2448",0.0570548595853202,"2448"
"2449",-0.491896113797981,"2449"
"2450",0.120149019705063,"2450"
"2451",-0.0320620400642082,"2451"
"2452",0.00173299020945529,"2452"
"2453",0.191096121508013,"2453"
"2454",-0.362696475219347,"2454"
"2455",0.124751253081763,"2455"
"2456",-0.0243861595808475,"2456"
"2457",0.133984026030108,"2457"
"2458",0.343920541371957,"2458"
"2459",0.0128605875477556,"2459"
"2460",0.268522377717006,"2460"
"2461",-0.374586374309657,"2461"
"2462",0.297324326822681,"2462"
"2463",0.629140474644793,"2463"
"2464",0.182801589838434,"2464"
"2465",0.626035151104175,"2465"
"2466",-0.731400696703958,"2466"
"2467",-0.251439262813264,"2467"
"2468",0.25764366155454,"2468"
"2469",-0.0918639198322706,"2469"
"2470",0.230491869559486,"2470"
"2471",0.69755038420393,"2471"
"2472",0.0766570431310288,"2472"
"2473",-0.257936978506904,"2473"
"2474",-0.0437131093020596,"2474"
"2475",-0.103532223285242,"2475"
"2476",0.119476177656341,"2476"
"2477",-0.0220860517450471,"2477"
"2478",0.207428401995392,"2478"
"2479",0.427226770178152,"2479"
"2480",0.0119347531104121,"2480"
"2481",-0.21443274502048,"2481"
"2482",0.00688247118482646,"2482"
"2483",-0.151997160153247,"2483"
"2484",0.0412967103541478,"2484"
"2485",0.115425226024494,"2485"
"2486",-0.388824347499632,"2486"
"2487",0.76127793542196,"2487"
"2488",0.329581137533534,"2488"
"2489",-0.0734174262539646,"2489"
"2490",0.0785106254236966,"2490"
"2491",-0.251104677594491,"2491"
"2492",0.0913563293408981,"2492"
"2493",-0.237982838145033,"2493"
"2494",0.238513459743149,"2494"
"2495",0.00996147953539319,"2495"
"2496",-0.0272463287242761,"2496"
"2497",0.304936833414907,"2497"
"2498",2.58561889346845e-05,"2498"
"2499",0.142405570684565,"2499"
"2500",0.204115238959781,"2500"
"2501",-0.019250185991874,"2501"
"2502",0.201398760345856,"2502"
"2503",0.0112900763644042,"2503"
"2504",-0.634658708910897,"2504"
"2505",0.216690723159142,"2505"
"2506",-0.676315980410409,"2506"
"2507",-0.662115454451873,"2507"
"2508",0.116647506889393,"2508"
"2509",-0.338976810635513,"2509"
"2510",-0.26375640785471,"2510"
"2511",-0.217654533051141,"2511"
"2512",0.108893448881066,"2512"
"2513",0.141741671322668,"2513"
"2514",-0.218151497218959,"2514"
"2515",0.192449574816435,"2515"
"2516",-0.142623660833601,"2516"
"2517",0.290760292295643,"2517"
"2518",-0.149386325201584,"2518"
"2519",0.196708977076425,"2519"
"2520",-0.378788117775043,"2520"
"2521",-0.20288100860315,"2521"
"2522",-0.460379318108888,"2522"
"2523",-0.109572277925972,"2523"
"2524",-0.0224079310848059,"2524"
"2525",0.0726618045288631,"2525"
"2526",-0.0274623149854837,"2526"
"2527",-0.0963936060774028,"2527"
"2528",-0.514930288315,"2528"
"2529",0.272009964386719,"2529"
"2530",0.0419053987286849,"2530"
"2531",-0.00836115417437451,"2531"
"2532",-0.119991245787091,"2532"
"2533",0.00614549030504523,"2533"
"2534",0.244041889315106,"2534"
"2535",-0.47428486384092,"2535"
"2536",-0.16123010656759,"2536"
"2537",-0.428047573597641,"2537"
"2538",-0.528844843263989,"2538"
"2539",-0.205795207244991,"2539"
"2540",-0.00492960102676947,"2540"
"2541",-0.217696187269055,"2541"
"2542",0.550637397281619,"2542"
"2543",0.284870612382874,"2543"
"2544",-0.0151907237918321,"2544"
"2545",-0.244418484610047,"2545"
"2546",0.101987807067834,"2546"
"2547",-0.429099244047205,"2547"
"2548",0.0537842588276787,"2548"
"2549",-0.164330038245775,"2549"
"2550",-0.247811566701253,"2550"
"2551",-0.167871478720116,"2551"
"2552",-0.0423918956333719,"2552"
"2553",-0.121194109143475,"2553"
"2554",0.201912922053817,"2554"
"2555",-0.0194061257519483,"2555"
"2556",-0.0736477846151971,"2556"
"2557",0.153100388226923,"2557"
"2558",0.383926100849665,"2558"
"2559",-0.41824274615364,"2559"
"2560",-0.154009250140947,"2560"
"2561",-0.198642438728698,"2561"
"2562",-0.31734899892011,"2562"
"2563",0.12867416539505,"2563"
"2564",-0.188704573768133,"2564"
"2565",0.0674418658736147,"2565"
"2566",-0.104718829285698,"2566"
"2567",0.160027591502299,"2567"
"2568",0.12686112664668,"2568"
"2569",-0.260726644947177,"2569"
"2570",-0.247719917401989,"2570"
"2571",0.410418686739155,"2571"
"2572",0.298232900358423,"2572"
"2573",-0.149386325201584,"2573"
"2574",-0.0848406379012326,"2574"
"2575",0.66208070074194,"2575"
"2576",0.186123226300301,"2576"
"2577",0.150255993231409,"2577"
"2578",0.101893589449392,"2578"
"2579",-0.0872792071282083,"2579"
"2580",0.058377101222959,"2580"
"2581",-0.115192384127961,"2581"
"2582",0.061824637234175,"2582"
"2583",-0.0255413544528647,"2583"
"2584",0.205249421137769,"2584"
"2585",0.200940627065152,"2585"
"2586",-0.503074270562347,"2586"
"2587",0.284723682524452,"2587"
"2588",-0.0194061257519483,"2588"
"2589",-0.0103867202968418,"2589"
"2590",-0.0179939605924428,"2590"
"2591",-0.0561105795833265,"2591"
"2592",0.120995687020308,"2592"
"2593",0.00262407682248775,"2593"
"2594",0.201398760345856,"2594"
"2595",-0.0430700999871522,"2595"
"2596",-0.00443342922463741,"2596"
"2597",0.00419745601888355,"2597"
"2598",-0.113324872276169,"2598"
"2599",-0.110811492944471,"2599"
"2600",-0.272902856237847,"2600"
"2601",-0.0776765719460185,"2601"
"2602",0.0522803004296108,"2602"
"2603",-0.210461799468679,"2603"
"2604",0.285808385496426,"2604"
"2605",0.0541758456206558,"2605"
"2606",-0.0694394936969508,"2606"
"2607",-0.184811124474807,"2607"
"2608",0.0628787468472623,"2608"
"2609",-0.0263968270966284,"2609"
"2610",-0.133167163468394,"2610"
"2611",-0.306118272533313,"2611"
"2612",-0.0483494016173445,"2612"
"2613",-0.470352956786723,"2613"
"2614",-0.129756414733849,"2614"
"2615",0.116887237833408,"2615"
"2616",-0.621329937631903,"2616"
"2617",-0.409368284001611,"2617"
"2618",0.0481980894840694,"2618"
"2619",-0.171742137149294,"2619"
"2620",-0.108660551694292,"2620"
"2621",0.211331718079237,"2621"
"2622",0.0382705449677725,"2622"
"2623",-0.164330038245775,"2623"
"2624",0.339831138712783,"2624"
"2625",0.267972909257272,"2625"
"2626",-0.279366524651219,"2626"
"2627",0.139411767642869,"2627"
"2628",0.369313917564463,"2628"
"2629",0.114517917947365,"2629"
"2630",-0.270292506818496,"2630"
"2631",-0.133809663364359,"2631"
"2632",0.238325784252453,"2632"
"2633",-0.0870054499320249,"2633"
"2634",-0.169370842433831,"2634"
"2635",-0.148142439797715,"2635"
"2636",-0.0641221248384328,"2636"
"2637",-0.237095732090099,"2637"
"2638",-0.366184482788795,"2638"
"2639",-0.0451546206327329,"2639"
"2640",0.0648811767439342,"2640"
"2641",0.221791572556899,"2641"
"2642",0.312112604587603,"2642"
"2643",0.351575806929307,"2643"
"2644",-0.00350373237378711,"2644"
"2645",-0.034699511345913,"2645"
"2646",0.0193657842281861,"2646"
"2647",0.00373382823467535,"2647"
"2648",0.0914515433643594,"2648"
"2649",0.101987807067834,"2649"
"2650",-0.24830726122545,"2650"
"2651",0.189315758452321,"2651"
"2652",-0.197982939211762,"2652"
"2653",0.0797019756664623,"2653"
"2654",-0.178141819144664,"2654"
"2655",0.164962988675098,"2655"
"2656",0.413290998444384,"2656"
"2657",-0.398633974117576,"2657"
"2658",-0.117255178104699,"2658"
"2659",-0.0421498191371787,"2659"
"2660",0.25728432695791,"2660"
"2661",0.0405110617166773,"2661"
"2662",-0.0627328589018269,"2662"
"2663",-0.103296335048677,"2663"
"2664",0.225548853593348,"2664"
"2665",-0.297601357955767,"2665"
"2666",0.192218644663219,"2666"
"2667",0.308404718581214,"2667"
"2668",-0.13877002694028,"2668"
"2669",-0.0982374355675818,"2669"
"2670",0.586596613072823,"2670"
"2671",-0.266032821615498,"2671"
"2672",0.444645230551054,"2672"
"2673",-0.253212668460987,"2673"
"2674",0.166776091046016,"2674"
"2675",-0.332748860593966,"2675"
"2676",-0.541341652378019,"2676"
"2677",-0.106059592051705,"2677"
"2678",0.129296236746713,"2678"
"2679",-0.550807737032418,"2679"
"2680",-0.168638932954921,"2680"
"2681",0.0344112772383541,"2681"
"2682",0.683443872375687,"2682"
"2683",-0.0833689754011061,"2683"
"2684",0.00196555535840928,"2684"
"2685",-0.0212442528063756,"2685"
"2686",0.421303053749212,"2686"
"2687",0.454783544932525,"2687"
"2688",-0.32325548721573,"2688"
"2689",0.171133954011579,"2689"
"2690",-0.19878344386227,"2690"
"2691",0.339393468061824,"2691"
"2692",0.124236167777377,"2692"
"2693",-0.0137166434875772,"2693"
"2694",-0.400065029775047,"2694"
"2695",-0.129518574858447,"2695"
"2696",-0.219921211825109,"2696"
"2697",0.195413357695442,"2697"
"2698",0.241791251718706,"2698"
"2699",0.0124217026529889,"2699"
"2700",0.105923397247719,"2700"
"2701",-0.260858235026839,"2701"
"2702",-0.300211926963976,"2702"
"2703",0.122231420587872,"2703"
"2704",-0.0130611813759935,"2704"
"2705",0.125061428455867,"2705"
"2706",0.279576551012846,"2706"
"2707",-0.051456666592871,"2707"
"2708",0.445688490264281,"2708"
"2709",0.399356462244153,"2709"
"2710",0.0189328411147006,"2710"
"2711",0.023742564584799,"2711"
"2712",-0.500464520746447,"2712"
"2713",-0.492167945358577,"2713"
"2714",0.06554952464435,"2714"
"2715",0.247596203346459,"2715"
"2716",0.570291322958896,"2716"
"2717",-0.327632925314382,"2717"
"2718",-0.0247908961000683,"2718"
"2719",-0.133422322211622,"2719"
"2720",0.0606823228989019,"2720"
"2721",0.00685718313767199,"2721"
"2722",0.279635945317089,"2722"
"2723",0.0956303606534954,"2723"
"2724",0.086808480230198,"2724"
"2725",0.183149481767976,"2725"
"2726",-0.235723298827811,"2726"
"2727",0.0184828753667231,"2727"
"2728",0.107293169871951,"2728"
"2729",0.395977669543094,"2729"
"2730",0.240308188309292,"2730"
"2731",-0.0830499864725874,"2731"
"2732",0.848428896082161,"2732"
"2733",-0.42501212202098,"2733"
"2734",-0.0877303962635865,"2734"
"2735",0.0700847401773837,"2735"
"2736",-0.242743154330192,"2736"
"2737",-0.33305463105489,"2737"
"2738",-0.164685997200129,"2738"
"2739",-0.441840894534923,"2739"
"2740",-0.00505454266112357,"2740"
"2741",0.00604544643502366,"2741"
"2742",0.0791969552994261,"2742"
"2743",-0.352409827862469,"2743"
"2744",0.387633506617147,"2744"
"2745",-0.0145830966067598,"2745"
"2746",0.312072106824732,"2746"
"2747",-0.0272522432197207,"2747"
"2748",0.42759069822865,"2748"
"2749",0.107672493536939,"2749"
"2750",-0.163241684276905,"2750"
"2751",-0.340086381121737,"2751"
"2752",0.154715260035856,"2752"
"2753",-0.576401834518053,"2753"
"2754",0.203203985658196,"2754"
"2755",0.270208940317773,"2755"
"2756",0.309734993560382,"2756"
"2757",-0.498875418818332,"2757"
"2758",0.05540742077283,"2758"
"2759",0.238325784252453,"2759"
"2760",-0.100842299863894,"2760"
"2761",-0.0890980562808343,"2761"
"2762",0.303405605807815,"2762"
"2763",0.0515633987954079,"2763"
"2764",0.133084009540958,"2764"
"2765",0.107578034646538,"2765"
"2766",0.389155883225221,"2766"
"2767",0.0163701005696387,"2767"
"2768",0.0213934352560814,"2768"
"2769",-0.94173772661898,"2769"
"2770",0.182283826953252,"2770"
"2771",0.193319991544749,"2771"
"2772",-0.425975011241445,"2772"
"2773",-0.0357267402047689,"2773"
"2774",0.064065208958167,"2774"
"2775",-0.429770518277272,"2775"
"2776",-0.00887429752941457,"2776"
"2777",0.590890165132187,"2777"
"2778",0.296265526559251,"2778"
"2779",-0.249149745381786,"2779"
"2780",-0.332850806521408,"2780"
"2781",0.0686079965171633,"2781"
"2782",-0.316352751391733,"2782"
"2783",-0.0118925315363526,"2783"
"2784",0.0276213589229519,"2784"
"2785",0.754439424499311,"2785"
"2786",-0.387916345847756,"2786"
"2787",-0.188559762126833,"2787"
"2788",0.226231086178657,"2788"
"2789",0.23828004612969,"2789"
"2790",-0.0511598240686593,"2790"
"2791",-0.1736134743811,"2791"
"2792",0.132174506975873,"2792"
"2793",-0.121015900629059,"2793"
"2794",-0.178244811666622,"2794"
"2795",-0.226553451904063,"2795"
"2796",-0.000962190601310956,"2796"
"2797",0.191885085667259,"2797"
"2798",-0.0309753819561137,"2798"
"2799",0.06165772688522,"2799"
"2800",-0.0422288720448412,"2800"
"2801",0.0189328411147006,"2801"
"2802",-0.175029339787853,"2802"
"2803",0.349253667250813,"2803"
"2804",-0.251278337799288,"2804"
"2805",0.638175093307372,"2805"
"2806",-0.167382767945725,"2806"
"2807",-0.00460449289454515,"2807"
"2808",0.11067766941796,"2808"
"2809",-0.179401224652632,"2809"
"2810",0.149688728432316,"2810"
"2811",-0.119169550879535,"2811"
"2812",0.0363492584151676,"2812"
"2813",-0.10342648521008,"2813"
"2814",-0.093454226167398,"2814"
"2815",-0.260409498531002,"2815"
"2816",-0.0416712018125775,"2816"
"2817",-0.344135216890201,"2817"
"2818",0.0956303606534954,"2818"
"2819",-0.117516418886848,"2819"
"2820",0.222998705630856,"2820"
"2821",0.196282722844578,"2821"
"2822",-0.196063599412261,"2822"
"2823",0.121199399561114,"2823"
"2824",-0.0508237252291461,"2824"
"2825",-0.440594932439356,"2825"
"2826",-0.0715963405009561,"2826"
"2827",-0.102505141428664,"2827"
"2828",-0.209567834272468,"2828"
"2829",-0.00509721556179334,"2829"
"2830",0.0988489362199444,"2830"
"2831",-0.358458230801137,"2831"
"2832",0.164962988675098,"2832"
"2833",0.246908888093428,"2833"
"2834",-0.0367965742073357,"2834"
"2835",0.147636799296138,"2835"
"2836",-0.045433434597111,"2836"
"2837",0.298990943291476,"2837"
"2838",0.136558427811015,"2838"
"2839",-0.175037110241148,"2839"
"2840",-0.103546622071283,"2840"
"2841",0.154584376514897,"2841"
"2842",0.0291902470438294,"2842"
"2843",-0.123864611064708,"2843"
"2844",0.181834749720615,"2844"
"2845",0.281004670096051,"2845"
"2846",0.0239206073979301,"2846"
"2847",-0.432563361274387,"2847"
"2848",0.0118197841669811,"2848"
"2849",-0.610013565030781,"2849"
"2850",0.558850300555572,"2850"
"2851",0.413802916980899,"2851"
"2852",-0.132291742332134,"2852"
"2853",-0.178015354084915,"2853"
"2854",0.152793168487288,"2854"
"2855",-0.252315437716296,"2855"
"2856",0.0832006862152747,"2856"
"2857",-0.0194727661455409,"2857"
"2858",-0.182292433459743,"2858"
"2859",0.187688719700943,"2859"
"2860",-0.204053815015518,"2860"
"2861",0.180420147201207,"2861"
"2862",0.145137740494015,"2862"
"2863",0.120890856728441,"2863"
"2864",-0.00467103655548917,"2864"
"2865",-0.212624034735487,"2865"
"2866",0.198130071256952,"2866"
"2867",-0.0359679751332618,"2867"
"2868",-0.358318951755185,"2868"
"2869",-0.338447918707496,"2869"
"2870",0.310147428112128,"2870"
"2871",-0.166477541132515,"2871"
"2872",-0.620917368592566,"2872"
"2873",0.233611826487979,"2873"
"2874",-0.511103023207959,"2874"
"2875",-0.131465411856039,"2875"
"2876",0.474780359496597,"2876"
"2877",0.204519501988676,"2877"
"2878",-0.0242992054985682,"2878"
"2879",-0.445446795295436,"2879"
"2880",-0.148517563389252,"2880"
"2881",0.0683036951498996,"2881"
"2882",-0.00247578167371988,"2882"
"2883",0.0796417652523602,"2883"
"2884",-0.106059592051705,"2884"
"2885",-0.0113678221423291,"2885"
"2886",-0.299658527501324,"2886"
"2887",0.191499158707945,"2887"
"2888",-0.0514608367199062,"2888"
"2889",-0.24601745418197,"2889"
"2890",0.00981887464699174,"2890"
"2891",0.143333990346054,"2891"
"2892",0.144816815295457,"2892"
"2893",0.310963036874372,"2893"
"2894",0.179025247770666,"2894"
"2895",-0.278696959955996,"2895"
"2896",-0.08932481383201,"2896"
"2897",-0.144688972842518,"2897"
"2898",0.0523036275036168,"2898"
"2899",0.181320305651049,"2899"
"2900",0.318709286779498,"2900"
"2901",0.395147416421253,"2901"
"2902",0.6551779477502,"2902"
"2903",-0.146372322743879,"2903"
"2904",0.264227936098043,"2904"
"2905",0.464692474859717,"2905"
"2906",-0.0160050686381867,"2906"
"2907",-0.134958428100707,"2907"
"2908",0.182283826953252,"2908"
"2909",0.15513438804835,"2909"
"2910",-0.054664825688908,"2910"
"2911",-0.170543361130904,"2911"
"2912",-0.312546765173748,"2912"
"2913",-0.077420025876005,"2913"
"2914",-0.343535391853852,"2914"
"2915",-0.248294330515934,"2915"
"2916",-0.106059592051705,"2916"
"2917",0.143515290044401,"2917"
"2918",0.143515290044401,"2918"
"2919",-0.0468173927343424,"2919"
"2920",0.107765741293079,"2920"
"2921",0.107878578687072,"2921"
"2922",-0.242424232612503,"2922"
"2923",-0.220647946866528,"2923"
"2924",0.252251661784436,"2924"
"2925",-0.145670946433011,"2925"
"2926",-0.0427231792892659,"2926"
"2927",0.179232765268591,"2927"
"2928",-0.493836080691349,"2928"
"2929",-0.386405502854943,"2929"
"2930",-0.403802116260778,"2930"
"2931",0.0676216407627636,"2931"
"2932",-0.0171241151198381,"2932"
"2933",0.204222916094488,"2933"
"2934",0.439768198818877,"2934"
"2935",-0.256529401989189,"2935"
"2936",-0.00310413356484053,"2936"
"2937",-0.332227864508045,"2937"
"2938",-0.453867722931517,"2938"
"2939",-0.114228102827578,"2939"
"2940",0.477312240516997,"2940"
"2941",0.0158239544303844,"2941"
"2942",-0.138183927680446,"2942"
"2943",-0.212070844107471,"2943"
"2944",0.23818773814616,"2944"
"2945",0.727192915523992,"2945"
"2946",-0.0966196227546232,"2946"
"2947",-0.441051294975177,"2947"
"2948",0.128610788756242,"2948"
"2949",-0.128274352330031,"2949"
"2950",0.195494096713227,"2950"
"2951",0.202962329307941,"2951"
"2952",-0.106059592051705,"2952"
"2953",-0.149052288568677,"2953"
"2954",-0.336926876445376,"2954"
"2955",-0.265702920465812,"2955"
"2956",0.209333373619103,"2956"
"2957",-0.180038168244365,"2957"
"2958",-0.495584899436279,"2958"
"2959",-0.237757682023953,"2959"
"2960",0.239493497850057,"2960"
"2961",-0.484639468348714,"2961"
"2962",0.186680454717639,"2962"
"2963",-0.0789856187572495,"2963"
"2964",-0.0825377788689999,"2964"
"2965",0.00364441276158245,"2965"
"2966",-0.0414953407860605,"2966"
"2967",-0.466494786743801,"2967"
"2968",-0.0543191208558517,"2968"
"2969",0.0126341217305556,"2969"
"2970",0.173275106955518,"2970"
"2971",0.147817310959588,"2971"
"2972",0.265461839255558,"2972"
